user_id,visit_score,spending_rank,cluster,predicted_label
0,63,24.05070845,0,adult_male
1,61,25.22329005,0,adult_male
2,104,18.52824526,4,young_male
3,82,86.89023241,2,elder
4,14,31.49239692,3,young_female
5,74,81.19531414,2,elder
6,83,88.11972945,2,elder
7,71,87.4683564,2,elder
8,42,80.829564,1,adult_female
9,79,25.96662164,4,young_male
10,94,24.46567368,4,young_male
11,30,30.97504081,3,young_female
12,62,23.93688398,0,adult_male
13,19,14.21656395,3,young_female
14,36,23.46131302,3,young_female
15,17,22.40513668,3,young_female
16,98,14.59998927,4,young_male
17,87,12.50427488,4,young_male
18,55,11.76071954,0,adult_male
19,65,8.782403628,0,adult_male
20,90,70.58210415,2,young_male
21,69,106.9393719,2,elder
22,17,24.41608933,3,young_female
23,82,14.85335365,4,young_male
24,68,83.08778344,2,elder
25,76,19.85507906,4,young_male
26,80,68.72519179,2,elder
27,80,16.63787901,4,young_male
28,32,57.42090343,1,adult_female
29,46,53.70152626,1,adult_female
30,97,14.52232178,4,young_male
31,67,83.43530752,2,elder
32,42,59.2847078,1,adult_female
33,73,84.30603906,2,elder
34,85,25.94031124,4,young_male
35,48,26.3334073,0,adult_female
36,79,17.69698635,4,young_male
37,39,59.51894928,1,adult_female
38,20,22.02046139,3,young_female
39,89,87.33332063,2,elder
40,84,77.21589021,2,elder
41,90,18.45624481,4,young_male
42,95,9.525985718,4,young_male
43,77,83.88780572,2,elder
44,87,89.32350728,2,elder
45,84,24.48394908,4,young_male
46,87,86.80134737,2,elder
47,91,31.77727934,4,young_male
48,20,30.07324971,3,young_female
49,29,22.27105893,3,young_female
50,46,67.57232403,1,adult_female
51,86,91.57086075,2,elder
52,58,17.38965215,0,adult_male
53,39,78.10751173,1,adult_female
54,44,65.02712226,1,adult_female
55,37,68.66589307,1,adult_female
56,61,22.30799431,0,adult_male
57,91,12.45225859,4,young_male
58,72,79.72874053,2,elder
59,81,97.36505105,2,elder
60,19,15.89441948,3,young_female
61,81,92.54237622,2,elder
62,83,26.91451103,4,young_male
63,75,23.81224389,4,adult_male
64,84,86.09920913,2,elder
65,56,27.02080663,0,adult_male
66,52,9.886817607,0,adult_male
67,78,81.55022856,2,elder
68,67,84.62768822,2,elder
69,97,12.35561638,4,young_male
70,98,13.16862217,4,young_male
71,28,38.01909248,3,young_female
72,106,18.35170261,4,young_male
73,71,104.7360573,2,elder
74,20,22.06784969,3,young_female
75,94,26.94953576,4,young_male
76,37,61.96779185,1,adult_female
77,25,13.24753967,3,young_female
78,75,93.97846339,2,elder
79,82,13.83837631,4,young_male
80,61,28.45837723,0,adult_male
81,82,89.23215347,2,elder
82,25,38.3940287,3,young_female
83,76,79.49618626,2,elder
84,33,65.67214893,1,adult_female
85,93,24.3271692,4,young_male
86,86,18.23979234,4,young_male
87,95,35.08898197,4,young_male
88,84,15.76761568,4,young_male
89,55,63.23372514,1,adult_female
90,69,78.56101791,2,elder
91,95,23.24628216,4,young_male
92,67,25.08785074,0,adult_male
93,40,58.16089026,1,adult_female
94,98,23.00398013,4,young_male
95,95,20.54964074,4,young_male
96,86,95.38030712,2,elder
97,19,14.62477033,3,young_female
98,33,23.24338149,3,young_female
99,39,60.35146419,1,adult_female
100,51,27.47569732,0,adult_male
101,80,90.73751483,2,elder
102,94,6.978186468,4,young_male
103,90,20.7456649,4,young_male
104,63,84.24248112,2,elder
105,95,92.3898169,2,elder
106,31,27.54973738,3,young_female
107,73,90.43334873,2,elder
108,41,35.02395962,3,young_female
109,35,22.7267631,3,young_female
110,95,85.61243772,2,elder
111,68,11.87430005,0,adult_male
112,25,58.35334386,1,young_female
113,81,20.96871631,4,young_male
114,81,21.76232895,4,young_male
115,91,19.7525264,4,young_male
116,42,53.55666866,1,adult_female
117,46,60.14346481,1,adult_female
118,80,26.66295582,4,young_male
119,77,19.05073001,4,young_male
120,89,30.50516776,4,young_male
121,84,11.2317819,4,young_male
122,101,32.79851185,4,young_male
123,46,52.31751679,1,adult_female
124,26,27.47217237,3,young_female
125,83,15.54859762,4,young_male
126,48,36.82701421,0,adult_female
127,80,76.19183168,2,elder
128,38,53.74735043,1,adult_female
129,42,17.04988133,0,adult_male
130,39,61.81339667,1,adult_female
131,84,16.90087229,4,young_male
132,93,15.33330896,4,young_male
133,31,5.082856803,3,young_female
134,17,26.83332592,3,young_female
135,77,24.41556805,4,young_male
136,90,31.3925246,4,young_male
137,94,24.91943309,4,young_male
138,24,77.16295984,1,young_female
139,25,63.87886991,1,young_female
140,78,27.57820665,4,young_male
141,24,28.21248903,3,young_female
142,17,37.61182537,3,young_female
143,34,68.7057727,1,adult_female
144,73,22.8126494,0,adult_male
145,104,23.35762412,4,young_male
146,88,26.73680467,4,young_male
147,86,23.25454226,4,young_male
148,77,28.29643605,4,young_male
149,13,28.29543776,3,young_female
150,25,28.01492023,3,young_female
151,84,18.70656052,4,young_male
152,48,65.53988896,1,adult_female
153,19,29.16840223,3,young_female
154,24,24.19521043,3,young_female
155,82,88.96899434,2,elder
156,90,86.0910732,2,elder
157,61,11.32237039,0,adult_male
158,80,85.54864535,2,elder
159,17,27.36112903,3,young_female
160,51,19.73527445,0,adult_male
161,81,19.04858095,4,young_male
162,70,21.09830578,0,adult_male
163,27,18.98877336,3,young_female
164,35,67.52190515,1,adult_female
165,33,16.90051369,3,adult_male
166,76,99.1237311,2,elder
167,87,79.74843641,2,elder
168,60,21.47885791,0,adult_male
169,75,76.23377259,2,elder
170,65,21.82376162,0,adult_male
171,69,78.56928699,2,elder
172,85,23.555059,4,young_male
173,98,7.942425657,4,young_male
174,84,7.687225784,4,young_male
175,84,80.593889,2,elder
176,25,28.70377582,3,young_female
177,93,23.65261494,4,young_male
178,67,82.19940878,2,elder
179,83,84.41794026,2,elder
180,88,74.50483022,2,young_male
181,46,14.7812366,0,adult_male
182,11,15.22567934,3,young_female
183,25,63.66221672,1,young_female
184,74,87.37823625,2,elder
185,29,23.32993675,3,young_female
186,33,28.7200071,3,young_female
187,67,23.59321418,0,adult_male
188,44,71.25388416,1,adult_female
189,63,17.55261153,0,adult_male
190,22,21.6712293,3,young_female
191,94,15.43388662,4,young_male
192,52,12.51356204,0,adult_male
193,90,95.65491071,2,elder
194,18,16.61266057,3,young_female
195,82,22.05297087,4,young_male
196,87,26.56631865,4,young_male
197,32,20.85594495,3,adult_male
198,66,17.95901183,0,adult_male
199,59,22.52011807,0,adult_male
200,82,92.05440447,2,elder
201,83,29.44906499,4,young_male
202,11,27.66611345,3,young_female
203,60,20.12253563,0,adult_male
204,91,78.05065227,2,elder
205,78,16.19723923,4,young_male
206,78,18.37600346,4,young_male
207,86,18.50963704,4,young_male
208,36,54.22593981,1,adult_female
209,86,15.59737784,4,young_male
210,62,94.91645619,2,elder
211,21,17.11089923,3,young_female
212,35,64.31421702,1,adult_female
213,84,20.00936342,4,young_male
214,41,69.08266159,1,adult_female
215,28,19.86392432,3,young_female
216,34,54.19525743,1,adult_female
217,50,54.67236072,1,adult_female
218,87,13.18225755,4,young_male
219,77,16.25437429,4,young_male
220,67,23.81050932,0,adult_male
221,89,21.95099679,4,young_male
222,57,10.52620316,0,adult_male
223,75,95.49217662,2,elder
224,12,13.24174207,3,young_female
225,90,82.07861209,2,elder
226,58,20.72003154,0,adult_male
227,85,15.56630248,4,young_male
228,76,78.07417774,2,elder
229,12,18.33271481,3,young_female
230,39,61.39784668,1,adult_female
231,60,14.24971359,0,adult_male
232,48,82.21160875,1,adult_female
233,62,15.57775969,0,adult_male
234,85,86.19000662,2,elder
235,34,60.61421798,1,adult_female
236,31,62.48681525,1,adult_female
237,72,8.37489358,0,adult_male
238,56,30.69619064,0,adult_male
239,91,82.55129812,2,elder
240,81,85.97665734,2,elder
241,52,32.5548928,0,adult_male
242,21,18.88156344,3,young_female
243,84,95.28497476,2,elder
244,60,19.08541304,0,adult_male
245,89,23.71888002,4,young_male
246,38,61.66847702,1,adult_female
247,60,21.00434692,0,adult_male
248,96,19.58555753,4,young_male
249,98,2.711248587,4,young_male
250,48,67.61752672,1,adult_female
251,99,9.454214215,4,young_male
252,74,6.208650472,0,adult_male
253,84,11.17645134,4,young_male
254,90,18.31930725,4,young_male
255,76,13.98310121,4,young_male
256,61,30.48422196,0,adult_male
257,80,32.46238896,4,young_male
258,42,32.08359615,3,adult_female
259,74,67.2278253,2,elder
260,91,22.15936574,4,young_male
261,85,18.32780613,4,young_male
262,28,23.55117474,3,young_female
263,15,30.83117767,3,young_female
264,42,63.75778413,1,adult_female
265,95,21.16693051,4,young_male
266,42,66.78334725,1,adult_female
267,85,9.057944521,4,young_male
268,76,91.84905254,2,elder
269,53,64.77070667,1,adult_female
270,86,76.66507516,2,elder
271,30,31.50555559,3,young_female
272,71,15.17556799,0,adult_male
273,83,24.81658207,4,young_male
274,16,34.76071054,3,young_female
275,32,53.57749898,1,adult_female
276,19,36.57260947,3,young_female
277,65,75.95033784,2,elder
278,26,70.63324698,1,young_female
279,26,71.22888027,1,young_female
280,60,5.145758067,0,adult_male
281,73,15.2776218,0,adult_male
282,63,6.68084,0,adult_male
283,52,13.57191358,0,adult_male
284,79,21.23684547,4,young_male
285,75,76.04700661,2,elder
286,33,21.59960647,3,adult_female
287,83,9.738161785,4,young_male
288,88,13.52483314,4,young_male
289,24,33.09396046,3,young_female
290,87,18.85404152,4,young_male
291,44,24.42277704,0,adult_female
292,47,64.74629775,1,adult_female
293,93,21.63797805,4,young_male
294,86,86.12020684,2,elder
295,49,15.98064079,0,adult_male
296,67,16.87625688,0,adult_male
297,90,37.53057246,4,young_male
298,84,20.80639274,4,young_male
299,33,15.73880635,3,adult_male
300,23,41.92542623,3,young_female
301,32,57.22349629,1,adult_female
302,16,30.88718141,3,young_female
303,86,15.21619583,4,young_male
304,86,62.44422097,2,young_male
305,40,49.37574124,1,adult_female
306,93,81.86624173,2,elder
307,93,19.97177887,4,young_male
308,94,5.942648774,4,young_male
309,87,12.80558456,4,young_male
310,98,11.79319285,4,young_male
311,27,24.7431829,3,young_female
312,70,80.90917307,2,elder
313,71,64.98953989,2,elder
314,81,83.10716523,2,elder
315,67,25.31521455,0,adult_male
316,85,28.02554384,4,young_male
317,60,13.59379054,0,adult_male
318,39,28.63800481,3,young_female
319,87,65.38471806,2,young_male
320,56,17.62508529,0,adult_male
321,50,76.30235269,1,adult_female
322,43,68.00480275,1,adult_female
323,72,82.58527994,2,elder
324,78,82.52693226,2,elder
325,83,16.56328135,4,young_male
326,30,76.48826316,1,young_female
327,90,10.83667749,4,young_male
328,65,20.38865292,0,adult_male
329,27,68.48481799,1,young_female
330,19,24.17208026,3,young_female
331,85,79.56108473,2,elder
332,5,29.54739643,3,young_female
333,40,63.33957126,1,adult_female
334,27,57.07282424,1,young_female
335,76,90.61974666,2,elder
336,15,20.60926597,3,young_female
337,32,20.06536716,3,adult_male
338,79,8.204026606,4,young_male
339,89,23.41564993,4,young_male
340,57,6.942328937,0,adult_male
341,95,3.776767637,4,young_male
342,55,21.1258642,0,adult_male
343,68,22.59870832,0,adult_male
344,85,33.00929131,4,young_male
345,85,26.39622326,4,young_male
346,101,24.23950402,4,young_male
347,43,60.44099039,1,adult_female
348,87,24.09242993,4,young_male
349,44,77.51233295,1,adult_female
350,34,75.88646013,1,adult_female
351,22,23.05317264,3,young_female
352,18,10.14402649,3,young_female
353,83,79.95562677,2,elder
354,34,61.4575757,1,adult_female
355,78,17.91956456,4,young_male
356,89,34.69671504,4,young_male
357,28,30.07681026,3,young_female
358,81,11.80327545,4,young_male
359,77,85.12529881,2,elder
360,50,24.05756165,0,adult_female
361,79,5.34741078,4,young_male
362,89,23.78727486,4,young_male
363,94,22.35525383,4,young_male
364,81,10.4111462,4,young_male
365,14,21.30010087,3,young_female
366,50,22.12827166,0,adult_male
367,94,14.97405577,4,young_male
368,76,86.3823613,2,elder
369,26,33.11451414,3,young_female
370,23,31.60134184,3,young_female
371,43,61.19705033,1,adult_female
372,62,17.67966805,0,adult_male
373,98,22.76002744,4,young_male
374,45,71.64125832,1,adult_female
375,84,23.52029169,4,young_male
376,79,70.30288484,2,elder
377,92,86.07262506,2,elder
378,60,19.31255444,0,adult_male
379,85,18.75385148,4,young_male
380,51,19.14330836,0,adult_male
381,24,24.98961218,3,young_female
382,86,87.12735245,2,elder
383,83,18.66157389,4,young_male
384,97,24.08108564,4,young_male
385,31,25.03969485,3,young_female
386,49,16.60737293,0,adult_male
387,59,61.73056908,1,adult_female
388,85,11.49266305,4,young_male
389,87,90.93473461,2,elder
390,66,82.51317329,2,elder
391,78,74.13380583,2,elder
392,22,18.69782203,3,young_female
393,87,27.42259581,4,young_male
394,28,45.69516336,3,young_female
395,38,71.93015254,1,adult_female
396,39,53.2819345,1,adult_female
397,72,14.05913735,0,adult_male
398,85,8.167946986,4,young_male
399,60,31.82224229,0,adult_male
400,83,88.56602578,2,elder
401,88,34.44354303,4,young_male
402,12,23.4044479,3,young_female
403,57,39.05173716,0,adult_male
404,69,78.45012746,2,elder
405,19,25.24606561,3,young_female
406,13,28.12989116,3,young_female
407,30,73.83523426,1,young_female
408,90,19.03134888,4,young_male
409,95,26.96858861,4,young_male
410,89,19.11371912,4,young_male
411,19,18.90255259,3,young_female
412,26,29.76273578,3,young_female
413,32,41.80669899,3,young_female
414,81,78.79889851,2,elder
415,33,59.03970412,1,adult_female
416,90,12.8121914,4,young_male
417,30,77.48787055,1,young_female
418,91,27.80179223,4,young_male
419,83,78.87354191,2,elder
420,30,21.50185677,3,young_female
421,99,19.24704872,4,young_male
422,83,96.32182718,2,elder
423,81,77.09703154,2,elder
424,91,12.58927484,4,young_male
425,42,75.85094055,1,adult_female
426,63,15.50581792,0,adult_male
427,93,77.61937984,2,elder
428,65,24.22242289,0,adult_male
429,28,23.71340252,3,young_female
430,88,98.04298777,2,elder
431,27,77.22486683,1,young_female
432,100,23.42272523,4,young_male
433,80,17.04699716,4,young_male
434,63,21.8495164,0,adult_male
435,45,84.97045035,1,adult_female
436,39,27.92569992,3,young_female
437,89,6.282675235,4,young_male
438,53,39.82201791,0,adult_male
439,31,29.40444535,3,young_female
440,90,89.77440076,2,elder
441,90,17.61903337,4,young_male
442,78,93.23704793,2,elder
443,77,24.41028312,4,young_male
444,73,12.25126419,0,adult_male
445,9,40.48369646,3,young_female
446,79,22.86652091,4,young_male
447,90,23.84538143,4,young_male
448,81,89.11413834,2,elder
449,31,20.11730805,3,young_female
450,93,15.28581815,4,young_male
451,80,23.74313207,4,young_male
452,24,28.07948876,3,young_female
453,82,93.5233572,2,elder
454,76,82.44936603,2,elder
455,85,23.78611592,4,young_male
456,24,16.23929877,3,young_female
457,30,25.96737183,3,young_female
458,45,63.39344836,1,adult_female
459,19,29.04436893,3,young_female
460,84,79.24263078,2,elder
461,86,79.47777183,2,elder
462,27,65.88106241,1,young_female
463,38,24.00258683,3,young_female
464,93,17.30662554,4,young_male
465,86,4.919132986,4,young_male
466,82,12.47998559,4,young_male
467,95,13.25665296,4,young_male
468,84,89.44173763,2,elder
469,53,18.26673794,0,adult_male
470,57,19.55053998,0,adult_male
471,34,60.38734363,1,adult_female
472,53,9.131617919,0,adult_male
473,88,17.1533441,4,young_male
474,72,85.18097625,2,elder
475,67,25.75189752,0,adult_male
476,93,14.00304875,4,young_male
477,18,15.52698738,3,young_female
478,88,28.48858968,4,young_male
479,86,82.31900748,2,elder
480,61,21.5110996,0,adult_male
481,88,11.42268953,4,young_male
482,66,98.28742501,2,elder
483,20,21.14324526,3,young_female
484,23,22.13480913,3,young_female
485,47,44.62789768,1,adult_female
486,21,25.13109369,3,young_female
487,65,86.43369428,2,elder
488,87,85.64276569,2,elder
489,82,15.57815058,4,young_male
490,43,69.0304756,1,adult_female
491,37,63.54847167,1,adult_female
492,88,91.08317257,2,elder
493,102,7.639653452,4,young_male
494,81,90.86260865,2,elder
495,66,79.12652846,2,elder
496,83,76.42241486,2,elder
497,41,73.92483537,1,adult_female
498,84,18.80740811,4,young_male
499,40,24.6655343,3,young_female
500,77,24.29470263,4,young_male
501,82,82.65963104,2,elder
502,86,8.957578037,4,young_male
503,45,18.66640142,0,adult_male
504,79,101.2974694,2,elder
505,93,19.92757073,4,young_male
506,81,89.93845695,2,elder
507,72,67.13687397,2,elder
508,34,25.4864208,3,young_female
509,35,69.83001274,1,adult_female
510,77,84.74197188,2,elder
511,47,51.7082666,1,adult_female
512,82,21.91036653,4,young_male
513,29,15.36585777,3,young_female
514,72,83.66978888,2,elder
515,88,15.59823016,4,young_male
516,82,83.42672064,2,elder
517,8,17.33119867,3,young_female
518,78,91.17666619,2,elder
519,75,82.37445229,2,elder
520,93,12.91347352,4,young_male
521,76,19.32317113,4,young_male
522,38,61.65151407,1,adult_female
523,71,24.85975843,0,adult_male
524,32,72.29810003,1,adult_female
525,19,18.34164898,3,young_female
526,58,18.99400413,0,adult_male
527,86,97.26610968,2,elder
528,28,13.47817235,3,young_female
529,90,80.82509118,2,elder
530,69,84.68126418,2,elder
531,91,24.55994382,4,young_male
532,42,70.83502658,1,adult_female
533,16,21.71634966,3,young_female
534,83,26.66254146,4,young_male
535,96,18.40088572,4,young_male
536,17,26.78577361,3,young_female
537,40,62.01453889,1,adult_female
538,94,23.26091604,4,young_male
539,35,68.91120681,1,adult_female
540,46,69.95428106,1,adult_female
541,29,28.29282218,3,young_female
542,34,73.82045207,1,adult_female
543,74,82.65275105,2,elder
544,56,21.3028389,0,adult_male
545,89,16.83125962,4,young_male
546,41,59.25267761,1,adult_female
547,87,13.40332177,4,young_male
548,94,25.166725,4,young_male
549,80,107.3498213,2,elder
550,77,94.43647703,2,elder
551,28,72.73489328,1,young_female
552,22,14.6878653,3,young_female
553,82,22.86368007,4,young_male
554,95,27.53314394,4,young_male
555,22,17.90788153,3,young_female
556,22,25.42124007,3,young_female
557,83,81.90740914,2,elder
558,21,28.61111105,3,young_female
559,94,16.42831673,4,young_male
560,68,80.78308878,2,elder
561,79,83.26510525,2,elder
562,8,28.01124291,3,young_female
563,18,19.82837667,3,young_female
564,38,51.67846232,1,adult_female
565,104,32.47904843,4,young_male
566,35,66.22827835,1,adult_female
567,99,11.41480527,4,young_male
568,20,3.74084121,3,young_female
569,85,83.38545074,2,elder
570,88,15.77517981,4,young_male
571,78,72.20843195,2,elder
572,69,18.55368629,0,adult_male
573,20,21.47021756,3,young_female
574,59,63.66034551,1,adult_female
575,93,17.31815726,4,young_male
576,34,63.72408271,1,adult_female
577,94,18.0776233,4,young_male
578,79,19.83597568,4,young_male
579,41,63.48204303,1,adult_female
580,66,27.74741896,0,adult_male
581,87,18.10466996,4,young_male
582,39,17.6704159,3,adult_male
583,73,74.16136629,2,elder
584,80,30.61155602,4,young_male
585,24,19.89866347,3,young_female
586,93,23.60727388,4,young_male
587,21,22.89733379,3,young_female
588,91,18.0839691,4,young_male
589,43,64.30157906,1,adult_female
590,11,28.38200846,3,young_female
591,34,62.03583451,1,adult_female
592,40,67.82837223,1,adult_female
593,95,13.34840297,4,young_male
594,21,19.39408891,3,young_female
595,84,85.71251997,2,elder
596,89,22.80616314,4,young_male
597,86,11.77306271,4,young_male
598,28,24.12922046,3,young_female
599,86,86.35571955,2,elder
600,42,67.72313499,1,adult_female
601,68,18.96620616,0,adult_male
602,52,69.2315798,1,adult_female
603,98,19.85924708,4,young_male
604,16,22.31414443,3,young_female
605,63,22.69436867,0,adult_male
606,101,17.05192703,4,young_male
607,96,23.54967946,4,young_male
608,66,13.70656857,0,adult_male
609,21,29.65268724,3,young_female
610,74,91.04485495,2,elder
611,60,22.86062191,0,adult_male
612,24,28.03571359,3,young_female
613,92,17.45409259,4,young_male
614,21,24.43896263,3,young_female
615,75,77.56580697,2,elder
616,86,30.31419065,4,young_male
617,95,78.75782044,2,elder
618,90,87.56556129,2,elder
619,29,69.67257647,1,young_female
620,36,66.36574834,1,adult_female
621,57,17.33728452,0,adult_male
622,88,80.49313723,2,elder
623,33,67.48319316,1,adult_female
624,96,29.55533403,4,young_male
625,19,27.45221947,3,young_female
626,26,59.65004757,1,young_female
627,38,69.88476544,1,adult_female
628,41,76.40002638,1,adult_female
629,85,88.71169592,2,elder
630,81,19.81587932,4,young_male
631,77,26.04922826,4,young_male
632,92,12.57633088,4,young_male
633,93,19.69985956,4,young_male
634,83,21.29254354,4,young_male
635,82,88.67689814,2,elder
636,93,16.04681292,4,young_male
637,92,27.49362388,4,young_male
638,70,67.61031259,2,elder
639,79,83.99803534,2,elder
640,28,27.09321823,3,young_female
641,49,23.75744174,0,adult_female
642,92,92.98849481,2,elder
643,90,89.68993884,2,elder
644,80,76.85722348,2,elder
645,84,17.48314517,4,young_male
646,76,26.22789504,4,young_male
647,90,75.07443563,2,young_male
648,36,68.13652511,1,adult_female
649,84,15.43781637,4,young_male
650,84,91.95018419,2,elder
651,49,62.51518523,1,adult_female
652,96,14.93304629,4,young_male
653,43,64.19028543,1,adult_female
654,71,82.44190593,2,elder
655,10,20.05081203,3,young_female
656,102,15.75047732,4,young_male
657,78,80.52421884,2,elder
658,86,4.862885987,4,young_male
659,50,59.46381802,1,adult_female
660,71,28.3619342,0,adult_male
661,82,75.67791771,2,elder
662,18,18.25793383,3,young_female
663,88,81.80334766,2,elder
664,74,90.96805611,2,elder
665,40,57.37237849,1,adult_female
666,92,22.30448585,4,young_male
667,22,15.80352856,3,young_female
668,118,37.36377976,4,young_male
669,84,8.825502438,4,young_male
670,27,66.19425651,1,young_female
671,78,88.44596944,2,elder
672,84,81.94347904,2,elder
673,86,97.20040582,2,elder
674,82,25.92428706,4,young_male
675,72,84.86219703,2,elder
676,59,12.88300392,0,adult_male
677,66,19.57217849,0,adult_male
678,54,22.03334597,0,adult_male
679,79,15.4052108,4,young_male
680,103,11.0367217,4,young_male
681,51,10.89198963,0,adult_male
682,45,62.10626375,1,adult_female
683,67,87.58034603,2,elder
684,93,14.3318693,4,young_male
685,47,65.76544843,1,adult_female
686,74,83.04615279,2,elder
687,46,76.55699732,1,adult_female
688,90,9.455246891,4,young_male
689,40,56.18884924,1,adult_female
690,11,27.27702928,3,young_female
691,54,21.03267369,0,adult_male
692,84,15.24508506,4,young_male
693,99,24.99765907,4,young_male
694,43,69.50125159,1,adult_female
695,20,36.64182385,3,young_female
696,92,22.7277342,4,young_male
697,22,14.84958356,3,young_female
698,87,19.84903172,4,young_male
699,53,30.59113774,0,adult_male
700,25,36.76944711,3,young_female
701,69,11.7754869,0,adult_male
702,92,31.12346471,4,young_male
703,86,93.90920425,2,elder
704,32,61.47481763,1,adult_female
705,67,65.96116655,2,elder
706,56,11.76877509,0,adult_male
707,47,63.48961593,1,adult_female
708,88,7.14465413,4,young_male
709,89,14.72449931,4,young_male
710,20,32.26661979,3,young_female
711,54,10.99098861,0,adult_male
712,86,9.610418122,4,young_male
713,78,82.12873846,2,elder
714,9,27.82657391,3,young_female
715,36,66.40227956,1,adult_female
716,80,77.02165025,2,elder
717,67,21.69380359,0,adult_male
718,87,97.32106926,2,elder
719,28,25.73422109,3,young_female
720,50,58.46795832,1,adult_female
721,88,20.49545196,4,young_male
722,36,78.17358982,1,adult_female
723,71,80.72973996,2,elder
724,90,21.3758769,4,young_male
725,67,85.31770855,2,elder
726,80,89.19660668,2,elder
727,85,24.30956688,4,young_male
728,95,85.71835635,2,elder
729,70,85.83428993,2,elder
730,80,80.40097141,2,elder
731,77,25.47637648,4,young_male
732,34,17.76545182,3,adult_male
733,89,16.75676016,4,young_male
734,81,31.1479944,4,young_male
735,81,24.29460015,4,young_male
736,96,19.56682581,4,young_male
737,71,85.36779734,2,elder
738,91,95.67606276,2,elder
739,46,72.9607622,1,adult_female
740,22,23.20465617,3,young_female
741,86,14.94751872,4,young_male
742,73,83.83004354,2,elder
743,24,15.11203098,3,young_female
744,75,85.73339582,2,elder
745,15,22.71277272,3,young_female
746,71,84.40723992,2,elder
747,55,17.0720548,0,adult_male
748,38,68.10960139,1,adult_female
749,85,77.56595839,2,elder
750,62,24.88835946,0,adult_male
751,91,24.26005519,4,young_male
752,23,22.73312702,3,young_female
753,58,22.83432576,0,adult_male
754,32,4.452421246,3,adult_male
755,82,93.47888001,2,elder
756,23,24.17587916,3,young_female
757,81,16.96735835,4,young_male
758,86,68.07812412,2,young_male
759,97,30.80227731,4,young_male
760,70,92.07544552,2,elder
761,100,21.48389982,4,young_male
762,78,81.31386235,2,elder
763,64,21.09728335,0,adult_male
764,30,28.05596377,3,young_female
765,21,21.71444274,3,young_female
766,86,20.2849701,4,young_male
767,86,26.74225546,4,young_male
768,94,19.90062299,4,young_male
769,56,16.97405612,0,adult_male
770,39,31.79533494,3,young_female
771,24,26.9403733,3,young_female
772,84,82.94275402,2,elder
773,77,27.99445114,4,young_male
774,90,16.2955497,4,young_male
775,52,20.63726103,0,adult_male
776,79,21.3101007,4,young_male
777,86,12.56278731,4,young_male
778,24,22.7665684,3,young_female
779,33,34.73516479,3,young_female
780,77,22.27258288,4,young_male
781,87,31.22683245,4,young_male
782,61,23.9828188,0,adult_male
783,90,7.945098806,4,young_male
784,67,24.49279645,0,adult_male
785,26,26.74135777,3,young_female
786,48,70.02793767,1,adult_female
787,27,23.91574887,3,young_female
788,61,20.72914424,0,adult_male
789,89,37.70171439,4,young_male
790,14,20.57456766,3,young_female
791,53,5.279509931,0,adult_male
792,97,4.9615593,4,young_male
793,36,64.40556706,1,adult_female
794,83,99.32756876,2,elder
795,92,26.31941597,4,young_male
796,83,9.114961264,4,young_male
797,84,29.61133505,4,young_male
798,93,81.8619913,2,elder
799,24,25.70464922,3,young_female
800,28,69.32359027,1,young_female
801,14,24.68949391,3,young_female
802,90,17.54183812,4,young_male
803,78,21.01015447,4,young_male
804,62,66.66079382,1,adult_female
805,73,90.04652851,2,elder
806,75,2.858754134,4,young_male
807,72,80.78504716,2,elder
808,78,85.51108119,2,elder
809,80,23.12074726,4,young_male
810,33,33.09713944,3,young_female
811,91,24.37677445,4,young_male
812,32,9.645072902,3,adult_male
813,91,29.96855962,4,young_male
814,90,13.5461769,4,young_male
815,21,34.16833803,3,young_female
816,70,26.80774098,0,adult_male
817,80,17.33378919,4,young_male
818,66,86.22620888,2,elder
819,64,15.26606044,0,adult_male
820,89,34.32417921,4,young_male
821,85,6.689413886,4,young_male
822,25,29.3721526,3,young_female
823,88,23.2102108,4,young_male
824,14,39.9846706,3,young_female
825,64,17.50391176,0,adult_male
826,87,78.88968554,2,elder
827,26,18.33459807,3,young_female
828,29,39.55775005,3,young_female
829,70,84.17663779,2,elder
830,42,54.93721292,1,adult_female
831,77,19.71569704,4,young_male
832,53,22.46225971,0,adult_male
833,28,26.11337186,3,young_female
834,83,97.11097284,2,elder
835,101,12.94797323,4,young_male
836,92,77.86237335,2,elder
837,100,14.4504811,4,young_male
838,10,18.15412379,3,young_female
839,58,27.86819891,0,adult_male
840,88,19.71142506,4,young_male
841,36,28.90977811,3,young_female
842,38,60.68759122,1,adult_female
843,95,34.26005039,4,young_male
844,36,29.14849048,3,young_female
845,27,70.50292616,1,young_female
846,97,19.35788784,4,young_male
847,100,30.96660628,4,young_male
848,40,61.29851112,1,adult_female
849,88,26.43246433,4,young_male
850,87,20.02038155,4,young_male
851,85,104.9295479,2,elder
852,91,7.536137246,4,young_male
853,41,49.11162024,1,adult_female
854,28,26.84610842,3,young_female
855,96,28.09948413,4,young_male
856,79,72.38124139,2,elder
857,89,85.59944699,2,elder
858,78,79.11013959,2,elder
859,17,14.34986547,3,young_female
860,70,20.72938158,0,adult_male
861,28,20.68159023,3,young_female
862,91,14.85423634,4,young_male
863,54,26.6154245,0,adult_male
864,66,19.00573989,0,adult_male
865,102,30.60811282,4,young_male
866,80,82.76745061,2,elder
867,76,73.05853731,2,elder
868,16,16.44852774,3,young_female
869,28,17.7654099,3,young_female
870,24,31.16054453,3,young_female
871,74,95.00164122,2,elder
872,41,74.0345035,1,adult_female
873,41,24.68307136,3,young_female
874,49,8.129857686,0,adult_male
875,44,21.9697578,0,adult_male
876,18,34.32489538,3,young_female
877,74,85.3926014,2,elder
878,88,22.43899036,4,young_male
879,77,17.73895764,4,young_male
880,82,68.60740355,2,elder
881,82,78.99244863,2,elder
882,43,29.88913264,3,adult_female
883,25,73.16251407,1,young_female
884,47,14.50015394,0,adult_male
885,64,15.54012673,0,adult_male
886,81,21.44462083,4,young_male
887,78,22.45717384,4,young_male
888,22,70.48694379,1,young_female
889,81,83.91136136,2,elder
890,38,56.33155641,1,adult_female
891,61,19.33718358,0,adult_male
892,89,22.98173912,4,young_male
893,77,83.42126388,2,elder
894,30,25.02828167,3,young_female
895,45,24.445565,0,adult_female
896,30,27.67219613,3,young_female
897,22,23.24900004,3,young_female
898,51,19.76797807,0,adult_male
899,13,11.66749784,3,young_female
900,65,14.19155773,0,adult_male
901,85,77.1638631,2,elder
902,84,92.21666786,2,elder
903,59,8.90513015,0,adult_male
904,84,27.59195383,4,young_male
905,92,18.32430416,4,young_male
906,21,26.99265981,3,young_female
907,101,4.070824865,4,young_male
908,18,13.4380945,3,young_female
909,73,74.25847526,2,elder
910,35,19.82913112,3,adult_male
911,26,11.63827858,3,young_female
912,24,22.06587211,3,young_female
913,37,26.23170817,3,young_female
914,61,27.91068444,0,adult_male
915,90,19.38474385,4,young_male
916,33,63.6903976,1,adult_female
917,32,69.46708965,1,adult_female
918,89,21.88722687,4,young_male
919,98,15.79264248,4,young_male
920,87,24.97973807,4,young_male
921,83,90.19246631,2,elder
922,67,88.64933762,2,elder
923,56,20.78535522,0,adult_male
924,51,58.90398424,1,adult_female
925,17,22.37542477,3,young_female
926,40,61.73907015,1,adult_female
927,86,30.36636416,4,young_male
928,86,30.47798976,4,young_male
929,75,84.07299429,2,elder
930,78,80.46975186,2,elder
931,91,34.59321043,4,young_male
932,69,23.74623675,0,adult_male
933,91,3.819827199,4,young_male
934,33,56.61105596,1,adult_female
935,28,28.16971466,3,young_female
936,99,10.89337039,4,young_male
937,26,24.62047344,3,young_female
938,59,17.56452301,0,adult_male
939,22,25.73050125,3,young_female
940,59,20.59341293,0,adult_male
941,52,30.09665805,0,adult_male
942,36,74.58896892,1,adult_female
943,89,16.6487281,4,young_male
944,92,27.7546774,4,young_male
945,64,6.364417772,0,adult_male
946,33,20.26072181,3,adult_male
947,27,26.06546354,3,young_female
948,82,7.012014901,4,young_male
949,79,83.88192128,2,elder
950,47,60.88896899,1,adult_female
951,42,61.33478963,1,adult_female
952,82,13.26258521,4,young_male
953,24,17.58998543,3,young_female
954,90,30.64441284,4,young_male
955,24,20.02391285,3,young_female
956,28,27.50255746,3,young_female
957,97,30.38140043,4,young_male
958,28,64.79113715,1,young_female
959,22,16.30434613,3,young_female
960,34,65.450068,1,adult_female
961,18,34.84352775,3,young_female
962,29,12.87282967,3,young_female
963,78,93.68455397,2,elder
964,63,14.46551165,0,adult_male
965,70,17.01388903,0,adult_male
966,51,15.89361424,0,adult_male
967,66,83.4142854,2,elder
968,87,17.39311615,4,young_male
969,69,18.70849405,0,adult_male
970,80,84.533464,2,elder
971,42,60.56068915,1,adult_female
972,70,12.9686796,0,adult_male
973,78,24.1772309,4,young_male
974,68,99.49277749,2,elder
975,85,21.59762876,4,young_male
976,54,72.32286308,1,adult_female
977,80,90.8013805,2,elder
978,48,31.22104728,0,adult_female
979,39,71.6091871,1,adult_female
980,85,14.47631621,4,young_male
981,31,25.44194192,3,young_female
982,76,84.95956256,2,elder
983,30,79.17802777,1,young_female
984,56,26.56771759,0,adult_male
985,93,19.65139133,4,young_male
986,90,19.72337352,4,young_male
987,104,14.18251919,4,young_male
988,58,14.91428404,0,adult_male
989,74,73.70072342,2,elder
990,32,48.7725424,1,adult_female
991,81,76.83989094,2,elder
992,83,88.0443439,2,elder
993,93,23.78257681,4,young_male
994,15,10.23531483,3,young_female
995,43,65.9296972,1,adult_female
996,91,80.84403349,2,elder
997,82,3.925189511,4,young_male
998,22,16.53991501,3,young_female
999,96,21.05371931,4,young_male
1000,64,26.68003761,0,adult_male
1001,18,33.37762216,3,young_female
1002,9,25.92791436,3,young_female
1003,37,26.60703171,3,young_female
1004,79,82.87442493,2,elder
1005,86,19.18997122,4,young_male
1006,81,70.44599952,2,elder
1007,95,87.28035,2,elder
1008,93,19.57925395,4,young_male
1009,59,77.4908713,2,elder
1010,66,6.298164663,0,adult_male
1011,40,58.4626609,1,adult_female
1012,58,61.57087436,1,adult_female
1013,24,26.20696126,3,young_female
1014,41,50.59470801,1,adult_female
1015,97,30.66953562,4,young_male
1016,79,8.384028972,4,young_male
1017,102,18.41421282,4,young_male
1018,73,25.65571748,0,adult_male
1019,45,69.23291157,1,adult_female
1020,78,79.56038465,2,elder
1021,31,59.62866457,1,adult_female
1022,61,7.409837279,0,adult_male
1023,61,20.58658386,0,adult_male
1024,86,88.6824638,2,elder
1025,78,96.43484823,2,elder
1026,72,13.81693159,0,adult_male
1027,82,11.36980997,4,young_male
1028,31,27.07653929,3,young_female
1029,87,82.51968193,2,elder
1030,92,84.25716474,2,elder
1031,56,20.01928387,0,adult_male
1032,63,87.31392062,2,elder
1033,38,11.08681684,3,adult_male
1034,88,10.18427364,4,young_male
1035,79,22.79881039,4,young_male
1036,48,70.31389956,1,adult_female
1037,45,64.83566573,1,adult_female
1038,92,27.60312911,4,young_male
1039,77,68.10814856,2,elder
1040,48,72.79993839,1,adult_female
1041,12,39.63081546,3,young_female
1042,86,18.47321996,4,young_male
1043,38,74.2344017,1,adult_female
1044,76,75.53485592,2,elder
1045,22,12.42997145,3,young_female
1046,44,64.01321817,1,adult_female
1047,94,15.92229478,4,young_male
1048,87,25.84288415,4,young_male
1049,85,92.92910623,2,elder
1050,77,82.67271831,2,elder
1051,90,16.52733684,4,young_male
1052,32,59.17139368,1,adult_female
1053,52,23.57801069,0,adult_male
1054,89,14.66719552,4,young_male
1055,65,17.98720449,0,adult_male
1056,31,23.68512698,3,young_female
1057,21,25.16013418,3,young_female
1058,92,93.04375635,2,elder
1059,69,91.00975764,2,elder
1060,98,8.270715239,4,young_male
1061,68,84.23969179,2,elder
1062,90,12.55057087,4,young_male
1063,60,9.458299645,0,adult_male
1064,86,24.94101606,4,young_male
1065,41,61.99373967,1,adult_female
1066,89,23.2372539,4,young_male
1067,83,96.78597288,2,elder
1068,83,76.87754403,2,elder
1069,43,80.84014718,1,adult_female
1070,19,37.44663097,3,young_female
1071,13,25.47446496,3,young_female
1072,28,22.22318169,3,young_female
1073,80,87.05874309,2,elder
1074,82,86.68588495,2,elder
1075,7,31.48039225,3,young_female
1076,83,23.61560457,4,young_male
1077,41,60.67080782,1,adult_female
1078,81,83.04511644,2,elder
1079,91,28.71150353,4,young_male
1080,94,12.44067648,4,young_male
1081,39,51.67217295,1,adult_female
1082,53,16.08768868,0,adult_male
1083,88,23.65202979,4,young_male
1084,102,14.24038556,4,young_male
1085,19,26.47418051,3,young_female
1086,79,86.05699503,2,elder
1087,85,84.51585986,2,elder
1088,94,10.55302873,4,young_male
1089,34,60.41700564,1,adult_female
1090,61,60.54603563,1,adult_female
1091,80,14.67661175,4,young_male
1092,20,28.54185363,3,young_female
1093,60,19.30915914,0,adult_male
1094,90,85.45642288,2,elder
1095,60,15.54666914,0,adult_male
1096,91,13.71266633,4,young_male
1097,91,14.15057563,4,young_male
1098,91,29.35021356,4,young_male
1099,73,99.29949012,2,elder
1100,92,19.97842923,4,young_male
1101,89,16.98821993,4,young_male
1102,89,30.08055781,4,young_male
1103,101,26.36836409,4,young_male
1104,87,97.25011796,2,elder
1105,62,23.1155047,0,adult_male
1106,69,90.54028988,2,elder
1107,30,23.80319921,3,young_female
1108,114,8.67350267,4,young_male
1109,72,92.83456018,2,elder
1110,59,8.51897377,0,adult_male
1111,45,62.10497478,1,adult_female
1112,73,17.79886209,0,adult_male
1113,38,63.82772399,1,adult_female
1114,92,16.42035297,4,young_male
1115,95,22.39737337,4,young_male
1116,85,93.65213524,2,elder
1117,80,83.69835663,2,elder
1118,48,61.11708018,1,adult_female
1119,73,82.46362548,2,elder
1120,88,83.24600192,2,elder
1121,28,74.83570345,1,young_female
1122,26,28.37284075,3,young_female
1123,72,80.54383029,2,elder
1124,104,14.00160396,4,young_male
1125,92,35.59382499,4,young_male
1126,86,24.29563525,4,young_male
1127,23,36.38695878,3,young_female
1128,88,81.15863941,2,elder
1129,40,62.30191568,1,adult_female
1130,88,13.31953113,4,young_male
1131,75,89.52757515,2,elder
1132,97,21.57673579,4,young_male
1133,88,98.48809061,2,elder
1134,59,15.76774225,0,adult_male
1135,90,100.1051057,2,elder
1136,92,15.47284673,4,young_male
1137,35,31.39413955,3,young_female
1138,88,27.94854721,4,young_male
1139,82,24.25152029,4,young_male
1140,40,12.91841197,3,adult_male
1141,78,89.93341285,2,elder
1142,77,81.10296821,2,elder
1143,87,35.26071908,4,young_male
1144,77,86.05777549,2,elder
1145,28,27.33585304,3,young_female
1146,89,19.14941277,4,young_male
1147,25,12.57463673,3,young_female
1148,99,24.48459869,4,young_male
1149,85,88.4052188,2,elder
1150,24,23.02046989,3,young_female
1151,27,27.8442665,3,young_female
1152,42,56.80594389,1,adult_female
1153,88,15.97750609,4,young_male
1154,85,91.39861123,2,elder
1155,81,96.74873411,2,elder
1156,81,14.60319608,4,young_male
1157,72,22.83319377,0,adult_male
1158,20,16.63077261,3,young_female
1159,83,32.22125032,4,young_male
1160,89,19.36832528,4,young_male
1161,44,70.56163288,1,adult_female
1162,18,38.670427,3,young_female
1163,88,13.7603188,4,young_male
1164,48,56.10213499,1,adult_female
1165,65,28.28433855,0,adult_male
1166,90,84.21107833,2,elder
1167,64,28.36221742,0,adult_male
1168,76,74.09777593,2,elder
1169,45,75.60957307,1,adult_female
1170,69,87.27588949,2,elder
1171,37,66.59882198,1,adult_female
1172,83,24.92293063,4,young_male
1173,80,83.03882261,2,elder
1174,87,16.33575334,4,young_male
1175,77,20.87818154,4,young_male
1176,15,27.00288152,3,young_female
1177,31,35.3122305,3,young_female
1178,35,27.97064939,3,young_female
1179,37,66.49004728,1,adult_female
1180,72,22.26491908,0,adult_male
1181,46,73.27830502,1,adult_female
1182,83,97.08623868,2,elder
1183,90,86.32665446,2,elder
1184,48,72.37130915,1,adult_female
1185,86,23.68228291,4,young_male
1186,33,68.04239172,1,adult_female
1187,90,24.4509944,4,young_male
1188,26,27.947972,3,young_female
1189,52,74.30544679,1,adult_female
1190,86,22.05812746,4,young_male
1191,83,12.89944692,4,young_male
1192,75,86.92865656,2,elder
1193,85,24.25293659,4,young_male
1194,92,14.68711211,4,young_male
1195,93,22.10043395,4,young_male
1196,81,94.92318481,2,elder
1197,83,26.58727818,4,young_male
1198,90,13.40677991,4,young_male
1199,27,17.55157292,3,young_female
1200,26,51.05357296,1,young_female
1201,82,79.46907855,2,elder
1202,94,7.778122979,4,young_male
1203,30,19.69370727,3,young_female
1204,62,31.91398018,0,adult_male
1205,20,21.39229661,3,young_female
1206,57,28.42928979,0,adult_male
1207,75,8.445815211,4,young_male
1208,80,101.5735419,2,elder
1209,33,27.37706959,3,young_female
1210,104,7.505329424,4,young_male
1211,40,72.70100434,1,adult_female
1212,88,21.18988948,4,young_male
1213,80,86.7309114,2,elder
1214,5,16.34537227,3,young_female
1215,27,30.29929876,3,young_female
1216,27,57.90334535,1,young_female
1217,74,75.37714781,2,elder
1218,61,10.6953155,0,adult_male
1219,42,61.22082584,1,adult_female
1220,64,22.38413823,0,adult_male
1221,27,18.59428196,3,young_female
1222,56,27.12054143,0,adult_male
1223,82,21.06250374,4,young_male
1224,79,81.0437795,2,elder
1225,96,6.151010138,4,young_male
1226,91,13.1151177,4,young_male
1227,72,74.77691749,2,elder
1228,60,36.74012292,0,adult_male
1229,40,70.0125424,1,adult_female
1230,93,10.69837748,4,young_male
1231,85,89.54873251,2,elder
1232,98,11.46074097,4,young_male
1233,32,41.00401185,3,young_female
1234,90,15.89483319,4,young_male
1235,83,14.43385879,4,young_male
1236,91,17.5377417,4,young_male
1237,41,52.65804707,1,adult_female
1238,19,18.80171096,3,young_female
1239,20,25.19053906,3,young_female
1240,43,8.160087637,0,adult_male
1241,27,29.62664916,3,young_female
1242,79,92.28690773,2,elder
1243,86,17.87451669,4,young_male
1244,83,75.58720769,2,elder
1245,31,62.77826259,1,adult_female
1246,47,68.35290614,1,adult_female
1247,84,17.97957666,4,young_male
1248,94,17.26872643,4,young_male
1249,84,17.18030026,4,young_male
1250,94,26.13765298,4,young_male
1251,82,15.09072399,4,young_male
1252,84,18.37127663,4,young_male
1253,37,70.57213232,1,adult_female
1254,66,23.65979512,0,adult_male
1255,41,71.65221925,1,adult_female
1256,86,29.12433285,4,young_male
1257,99,4.351174784,4,young_male
1258,40,65.33096824,1,adult_female
1259,76,74.64177477,2,elder
1260,102,25.34762172,4,young_male
1261,76,93.66449789,2,elder
1262,90,25.94755303,4,young_male
1263,87,24.02740936,4,young_male
1264,77,80.44290861,2,elder
1265,37,75.22806945,1,adult_female
1266,88,11.18123759,4,young_male
1267,76,11.7148239,4,young_male
1268,36,36.02019077,3,young_female
1269,28,26.34094649,3,young_female
1270,99,17.57406896,4,young_male
1271,96,16.44796957,4,young_male
1272,34,75.71669318,1,adult_female
1273,91,3.547374862,4,young_male
1274,82,89.56504525,2,elder
1275,84,14.67859242,4,young_male
1276,27,58.32480836,1,young_female
1277,61,12.85516285,0,adult_male
1278,95,14.75588541,4,young_male
1279,29,64.47808584,1,young_female
1280,38,28.00117906,3,young_female
1281,96,88.34750077,2,elder
1282,70,83.7964247,2,elder
1283,95,13.33858842,4,young_male
1284,87,82.69845279,2,elder
1285,89,24.98108037,4,young_male
1286,83,86.9378772,2,elder
1287,74,85.34028195,2,elder
1288,65,89.2604372,2,elder
1289,47,16.16719652,0,adult_male
1290,98,15.68558004,4,young_male
1291,25,30.75926806,3,young_female
1292,96,18.50960115,4,young_male
1293,31,84.15837064,1,young_female
1294,15,32.25584613,3,young_female
1295,41,53.60848506,1,adult_female
1296,52,14.44897407,0,adult_male
1297,78,87.00612897,2,elder
1298,78,94.07038684,2,elder
1299,40,59.19865398,1,adult_female
1300,68,91.18292448,2,elder
1301,24,32.65129534,3,young_female
1302,67,97.79189727,2,elder
1303,35,70.2985371,1,adult_female
1304,93,88.81490116,2,elder
1305,27,28.09653115,3,young_female
1306,85,91.96886358,2,elder
1307,56,16.07561792,0,adult_male
1308,32,66.83738905,1,adult_female
1309,86,12.82806183,4,young_male
1310,67,12.33076707,0,adult_male
1311,68,16.10824847,0,adult_male
1312,98,17.80554345,4,young_male
1313,49,34.60323982,0,adult_female
1314,95,16.82158814,4,young_male
1315,84,78.30971102,2,elder
1316,46,23.08500682,0,adult_female
1317,18,39.32548715,3,young_female
1318,93,18.4235839,4,young_male
1319,85,80.12787635,2,elder
1320,55,27.44102621,0,adult_male
1321,28,72.58020287,1,young_female
1322,83,18.55696844,4,young_male
1323,44,60.6765901,1,adult_female
1324,27,69.66556397,1,young_female
1325,94,13.90612965,4,young_male
1326,90,36.4317351,4,young_male
1327,91,20.68119445,4,young_male
1328,83,93.97652308,2,elder
1329,30,73.09347987,1,young_female
1330,22,19.67704026,3,young_female
1331,45,76.74211895,1,adult_female
1332,63,29.01273392,0,adult_male
1333,30,20.95650522,3,young_female
1334,63,27.21756309,0,adult_male
1335,33,73.41430512,1,adult_female
1336,57,11.31347611,0,adult_male
1337,27,24.26387208,3,young_female
1338,92,33.58629279,4,young_male
1339,21,20.12996554,3,young_female
1340,21,30.43276379,3,young_female
1341,86,25.726561,4,young_male
1342,92,9.72956657,4,young_male
1343,33,66.79064653,1,adult_female
1344,87,26.39666823,4,young_male
1345,23,18.41357243,3,young_female
1346,96,20.60539918,4,young_male
1347,51,16.2469275,0,adult_male
1348,75,102.0254409,2,elder
1349,77,99.98219718,2,elder
1350,37,62.23688419,1,adult_female
1351,42,55.05216131,1,adult_female
1352,90,6.164741273,4,young_male
1353,82,94.98120738,2,elder
1354,21,33.18062301,3,young_female
1355,56,27.82233196,0,adult_male
1356,88,26.18463665,4,young_male
1357,26,17.37446014,3,young_female
1358,97,83.18082805,2,elder
1359,91,12.70761561,4,young_male
1360,62,28.78280798,0,adult_male
1361,91,32.76927614,4,young_male
1362,74,93.51366949,2,elder
1363,99,14.67609363,4,young_male
1364,92,27.57283891,4,young_male
1365,47,58.22231802,1,adult_female
1366,32,69.35699442,1,adult_female
1367,22,32.03569406,3,young_female
1368,82,29.37927374,4,young_male
1369,78,13.86121895,4,young_male
1370,80,89.74061953,2,elder
1371,24,25.08624175,3,young_female
1372,74,84.71317283,2,elder
1373,95,17.759303,4,young_male
1374,83,30.02176318,4,young_male
1375,89,12.11457201,4,young_male
1376,91,33.04142906,4,young_male
1377,41,57.32620152,1,adult_female
1378,85,31.24618618,4,young_male
1379,89,82.05431351,2,elder
1380,21,18.77526552,3,young_female
1381,59,29.28505202,0,adult_male
1382,95,23.17113931,4,young_male
1383,30,76.33898979,1,young_female
1384,24,33.4980991,3,young_female
1385,91,34.91548939,4,young_male
1386,86,35.0611196,4,young_male
1387,85,86.70251978,2,elder
1388,84,82.91416946,2,elder
1389,78,26.96556444,4,young_male
1390,39,63.63264308,1,adult_female
1391,78,7.160223769,4,young_male
1392,72,82.2667369,2,elder
1393,90,22.42719323,4,young_male
1394,93,15.37909158,4,young_male
1395,39,70.98346207,1,adult_female
1396,99,31.3616172,4,young_male
1397,59,9.254483825,0,adult_male
1398,31,24.13669399,3,young_female
1399,79,22.32923533,4,young_male
1400,41,60.82407692,1,adult_female
1401,96,8.161023605,4,young_male
1402,90,21.85779784,4,young_male
1403,18,14.4898953,3,young_female
1404,80,19.30231892,4,young_male
1405,30,17.04083284,3,young_female
1406,29,14.93877456,3,young_female
1407,54,13.29819198,0,adult_male
1408,80,99.92269808,2,elder
1409,77,6.677085377,4,young_male
1410,82,16.18245621,4,young_male
1411,99,88.03242183,2,elder
1412,72,13.68071224,0,adult_male
1413,36,70.10109325,1,adult_female
1414,86,80.54251021,2,elder
1415,97,9.563710479,4,young_male
1416,93,20.79289997,4,young_male
1417,99,10.30999062,4,young_male
1418,55,17.69231542,0,adult_male
1419,92,82.82352902,2,elder
1420,94,32.21956827,4,young_male
1421,42,60.09135121,1,adult_female
1422,78,83.19786713,2,elder
1423,25,30.4002532,3,young_female
1424,97,24.47909378,4,young_male
1425,66,84.06536487,2,elder
1426,87,87.09766802,2,elder
1427,56,28.62034538,0,adult_male
1428,80,94.61377334,2,elder
1429,89,32.13844493,4,young_male
1430,81,93.27492701,2,elder
1431,83,12.93429808,4,young_male
1432,89,32.02147722,4,young_male
1433,86,3.033172736,4,young_male
1434,101,19.570391,4,young_male
1435,33,77.09546446,1,adult_female
1436,66,76.07158201,2,elder
1437,47,69.53916019,1,adult_female
1438,73,95.40386077,2,elder
1439,88,70.36066879,2,young_male
1440,46,47.38371935,1,adult_female
1441,31,27.3904574,3,young_female
1442,23,23.63316412,3,young_female
1443,84,16.39365994,4,young_male
1444,57,35.17603962,0,adult_male
1445,97,32.19823618,4,young_male
1446,93,16.99260382,4,young_male
1447,85,93.2541868,2,elder
1448,39,67.0075317,1,adult_female
1449,51,61.8967813,1,adult_female
1450,44,60.89597942,1,adult_female
1451,99,17.43513292,4,young_male
1452,91,13.56747347,4,young_male
1453,20,23.21558703,3,young_female
1454,48,10.1794089,0,adult_male
1455,19,36.52282791,3,young_female
1456,65,20.3739295,0,adult_male
1457,72,9.636912429,0,adult_male
1458,77,91.64993951,2,elder
1459,82,81.43327013,2,elder
1460,95,21.57769525,4,young_male
1461,87,16.71144156,4,young_male
1462,88,83.87053669,2,elder
1463,68,18.87009771,0,adult_male
1464,88,26.72186319,4,young_male
1465,86,14.83665396,4,young_male
1466,90,23.78746041,4,young_male
1467,33,78.5793632,1,adult_female
1468,77,73.85323148,2,elder
1469,85,21.28432659,4,young_male
1470,60,27.04060157,0,adult_male
1471,18,26.8937247,3,young_female
1472,101,20.3208479,4,young_male
1473,79,84.26240882,2,elder
1474,27,32.47838486,3,young_female
1475,75,12.79920826,4,young_male
1476,98,29.55616271,4,young_male
1477,97,16.86927908,4,young_male
1478,26,40.99115058,3,young_female
1479,86,28.28415816,4,young_male
1480,97,13.54903343,4,young_male
1481,32,34.96797135,3,young_female
1482,21,28.02448405,3,young_female
1483,39,60.84526444,1,adult_female
1484,77,25.4700976,4,young_male
1485,97,13.60071137,4,young_male
1486,51,66.6080451,1,adult_female
1487,40,90.7065391,1,adult_female
1488,19,30.09981133,3,young_female
1489,71,101.1052387,2,elder
1490,84,69.03065746,2,elder
1491,96,20.01788898,4,young_male
1492,97,23.95698037,4,young_male
1493,77,23.03810205,4,young_male
1494,64,26.69355415,0,adult_male
1495,79,84.27293832,2,elder
1496,46,58.65918993,1,adult_female
1497,22,19.04022759,3,young_female
1498,19,37.61441305,3,young_female
1499,24,22.6184268,3,young_female
1500,15,31.33272232,3,young_female
1501,95,23.9121892,4,young_male
1502,99,18.83076511,4,young_male
1503,74,73.42931545,2,elder
1504,87,99.24190767,2,elder
1505,29,13.22032444,3,young_female
1506,86,86.95829636,2,elder
1507,87,74.7873169,2,young_male
1508,81,88.29981189,2,elder
1509,19,26.80590632,3,young_female
1510,79,85.24247486,2,elder
1511,58,25.77072634,0,adult_male
1512,67,83.87051009,2,elder
1513,63,82.299777,2,elder
1514,84,18.11932492,4,young_male
1515,52,17.63297657,0,adult_male
1516,19,34.73384343,3,young_female
1517,32,80.58672472,1,adult_female
1518,78,16.98677193,4,young_male
1519,84,16.2029485,4,young_male
1520,90,24.92950768,4,young_male
1521,89,88.37212594,2,elder
1522,42,74.82698453,1,adult_female
1523,40,57.13324721,1,adult_female
1524,26,25.72241017,3,young_female
1525,71,90.17290646,2,elder
1526,83,19.74143715,4,young_male
1527,92,27.681237,4,young_male
1528,27,16.80203868,3,young_female
1529,85,102.245353,2,elder
1530,27,35.7628704,3,young_female
1531,72,9.375473882,0,adult_male
1532,25,23.40607716,3,young_female
1533,47,21.15233346,0,adult_male
1534,31,65.65251039,1,adult_female
1535,91,10.44260474,4,young_male
1536,102,21.56052147,4,young_male
1537,92,82.74485414,2,elder
1538,24,19.46476818,3,young_female
1539,74,91.38556503,2,elder
1540,96,28.99802132,4,young_male
1541,41,72.27217797,1,adult_female
1542,99,4.350237654,4,young_male
1543,54,18.34943165,0,adult_male
1544,85,99.70685308,2,elder
1545,72,86.23887301,2,elder
1546,91,29.73006567,4,young_male
1547,101,24.5999467,4,young_male
1548,29,70.68528539,1,young_female
1549,86,92.00245408,2,elder
1550,82,11.65320579,4,young_male
1551,64,0.990841534,0,adult_male
1552,19,24.62436929,3,young_female
1553,75,74.43331779,2,elder
1554,82,12.29527342,4,young_male
1555,31,25.58695131,3,young_female
1556,23,22.03862864,3,young_female
1557,7,25.15250636,3,young_female
1558,96,11.80080363,4,young_male
1559,74,80.78311281,2,elder
1560,76,89.58321959,2,elder
1561,71,70.46155784,2,elder
1562,89,22.9121661,4,young_male
1563,64,92.48481939,2,elder
1564,95,19.7082102,4,young_male
1565,7,26.88613311,3,young_female
1566,23,33.08307854,3,young_female
1567,35,21.92213655,3,adult_female
1568,43,55.84393354,1,adult_female
1569,87,77.68343322,2,elder
1570,87,24.56721756,4,young_male
1571,64,86.13427328,2,elder
1572,24,37.85007041,3,young_female
1573,74,90.5687385,2,elder
1574,29,31.71666989,3,young_female
1575,27,38.07001585,3,young_female
1576,89,30.24545051,4,young_male
1577,77,80.79368962,2,elder
1578,32,23.8374243,3,young_female
1579,87,20.18218186,4,young_male
1580,54,22.26135543,0,adult_male
1581,101,20.69335802,4,young_male
1582,78,83.75155205,2,elder
1583,32,58.51963896,1,adult_female
1584,29,61.77645867,1,young_female
1585,80,74.03671507,2,elder
1586,24,56.36637398,1,young_female
1587,74,73.48781425,2,elder
1588,69,88.80572729,2,elder
1589,63,15.96812474,0,adult_male
1590,91,17.41965778,4,young_male
1591,21,39.4714904,3,young_female
1592,31,18.96434695,3,young_female
1593,54,13.19524909,0,adult_male
1594,84,103.723128,2,elder
1595,45,60.21920597,1,adult_female
1596,86,29.54715312,4,young_male
1597,94,80.77341018,2,elder
1598,83,84.01523569,2,elder
1599,60,15.08341228,0,adult_male
1600,40,78.77810516,1,adult_female
1601,24,22.84834606,3,young_female
1602,57,15.04543555,0,adult_male
1603,45,79.30291882,1,adult_female
1604,88,73.05827884,2,young_male
1605,21,17.65877605,3,young_female
1606,74,90.43483516,2,elder
1607,82,36.20009831,4,young_male
1608,85,86.02918581,2,elder
1609,88,31.80778428,4,young_male
1610,89,13.50373401,4,young_male
1611,91,4.366758985,4,young_male
1612,78,26.46611043,4,young_male
1613,17,34.08358967,3,young_female
1614,88,22.07179889,4,young_male
1615,26,22.1088268,3,young_female
1616,83,22.47141832,4,young_male
1617,78,72.74924103,2,elder
1618,84,84.65593338,2,elder
1619,35,59.39812747,1,adult_female
1620,86,16.76439244,4,young_male
1621,99,21.6342754,4,young_male
1622,72,87.81211271,2,elder
1623,91,83.61286437,2,elder
1624,16,21.19887734,3,young_female
1625,87,13.73894627,4,young_male
1626,73,84.18431094,2,elder
1627,51,60.53349594,1,adult_female
1628,87,25.86934161,4,young_male
1629,89,23.66277943,4,young_male
1630,49,54.22519501,1,adult_female
1631,90,80.7353707,2,elder
1632,97,15.77444253,4,young_male
1633,27,4.205554327,3,young_female
1634,46,69.8496171,1,adult_female
1635,77,26.72125395,4,young_male
1636,100,22.51883541,4,young_male
1637,80,72.60114624,2,elder
1638,16,25.39123809,3,young_female
1639,42,62.46409593,1,adult_female
1640,83,27.42591038,4,young_male
1641,5,29.90213947,3,young_female
1642,86,20.02687404,4,young_male
1643,84,81.62560166,2,elder
1644,29,45.6859803,3,young_female
1645,19,25.23872919,3,young_female
1646,30,25.91256262,3,young_female
1647,85,22.74193595,4,young_male
1648,93,27.59099892,4,young_male
1649,84,84.28030527,2,elder
1650,56,13.53130025,0,adult_male
1651,18,12.05288048,3,young_female
1652,19,33.20978781,3,young_female
1653,88,10.79272685,4,young_male
1654,46,68.10038766,1,adult_female
1655,34,13.69751201,3,adult_male
1656,98,13.09596378,4,young_male
1657,20,28.12037535,3,young_female
1658,84,19.55955355,4,young_male
1659,76,15.65968615,4,young_male
1660,17,64.64625599,1,young_female
1661,92,13.14804118,4,young_male
1662,80,80.93741238,2,elder
1663,74,19.88917085,0,adult_male
1664,33,78.6336981,1,adult_female
1665,71,89.64657118,2,elder
1666,90,15.65811395,4,young_male
1667,80,20.21465378,4,young_male
1668,77,30.48921569,4,young_male
1669,33,5.806115002,3,adult_male
1670,27,41.69458249,3,young_female
1671,92,91.94399647,2,elder
1672,79,85.70476225,2,elder
1673,96,21.38135949,4,young_male
1674,44,30.54024079,0,adult_female
1675,81,26.66173993,4,young_male
1676,34,73.13560682,1,adult_female
1677,71,11.21629654,0,adult_male
1678,109,14.39395116,4,young_male
1679,59,29.44375347,0,adult_male
1680,21,38.86947796,3,young_female
1681,43,50.88887151,1,adult_female
1682,87,23.97375338,4,young_male
1683,49,34.41743567,0,adult_female
1684,30,16.1208952,3,young_female
1685,22,11.56504339,3,young_female
1686,73,23.27478856,0,adult_male
1687,28,24.80355822,3,young_female
1688,82,15.83011226,4,young_male
1689,81,77.89206762,2,elder
1690,88,28.95208761,4,young_male
1691,88,27.89115108,4,young_male
1692,96,8.705664863,4,young_male
1693,93,27.66794242,4,young_male
1694,69,87.64700365,2,elder
1695,41,72.0601093,1,adult_female
1696,87,10.22584938,4,young_male
1697,80,97.50369414,2,elder
1698,48,68.9834853,1,adult_female
1699,78,83.63454167,2,elder
1700,21,14.37320415,3,young_female
1701,41,71.58128797,1,adult_female
1702,77,73.09851098,2,elder
1703,17,13.96123744,3,young_female
1704,42,62.80465928,1,adult_female
1705,83,74.8385409,2,elder
1706,86,79.43833021,2,elder
1707,36,74.47947652,1,adult_female
1708,81,12.84646685,4,young_male
1709,90,25.28810826,4,young_male
1710,31,27.37913661,3,young_female
1711,37,60.71210725,1,adult_female
1712,68,92.63779822,2,elder
1713,78,89.63816282,2,elder
1714,98,92.58891373,2,elder
1715,66,22.45299657,0,adult_male
1716,78,73.05838086,2,elder
1717,87,96.63040451,2,elder
1718,93,29.85615825,4,young_male
1719,95,17.81718903,4,young_male
1720,70,84.9022468,2,elder
1721,36,23.06070526,3,young_female
1722,35,57.32223911,1,adult_female
1723,89,14.72105723,4,young_male
1724,39,36.10386094,3,young_female
1725,83,84.33970134,2,elder
1726,78,27.545803,4,young_male
1727,79,94.0553124,2,elder
1728,81,81.00433625,2,elder
1729,90,100.6720784,2,elder
1730,88,87.87552101,2,elder
1731,61,27.81176292,0,adult_male
1732,92,17.85261289,4,young_male
1733,94,12.02228307,4,young_male
1734,75,76.69533683,2,elder
1735,18,26.44565387,3,young_female
1736,43,69.18115097,1,adult_female
1737,50,60.75664004,1,adult_female
1738,26,57.9891273,1,young_female
1739,12,24.49649384,3,young_female
1740,34,26.53999423,3,young_female
1741,20,10.86560616,3,young_female
1742,42,69.59510589,1,adult_female
1743,92,26.82984254,4,young_male
1744,90,19.1424863,4,young_male
1745,39,71.63085991,1,adult_female
1746,61,31.44468171,0,adult_male
1747,14,31.00223462,3,young_female
1748,12,21.95446153,3,young_female
1749,70,77.17904691,2,elder
1750,81,87.70751774,2,elder
1751,84,25.48470216,4,young_male
1752,77,73.98350592,2,elder
1753,51,66.73264012,1,adult_female
1754,85,23.54245915,4,young_male
1755,87,23.37716623,4,young_male
1756,77,77.82766002,2,elder
1757,92,22.79657007,4,young_male
1758,87,87.25358779,2,elder
1759,41,59.35563287,1,adult_female
1760,58,33.45836604,0,adult_male
1761,95,21.94874371,4,young_male
1762,84,19.9133336,4,young_male
1763,79,80.66952813,2,elder
1764,18,21.51746731,3,young_female
1765,38,74.16187356,1,adult_female
1766,73,19.43262147,0,adult_male
1767,31,23.12906065,3,young_female
1768,35,76.70823918,1,adult_female
1769,26,15.9356976,3,young_female
1770,18,25.17219817,3,young_female
1771,36,54.35574439,1,adult_female
1772,36,67.81226544,1,adult_female
1773,98,26.2747699,4,young_male
1774,43,68.9479406,1,adult_female
1775,32,24.45784744,3,young_female
1776,20,22.27944126,3,young_female
1777,94,28.04225485,4,young_male
1778,40,69.14722887,1,adult_female
1779,34,26.5862276,3,young_female
1780,86,81.28760718,2,elder
1781,87,13.64592367,4,young_male
1782,87,84.68367165,2,elder
1783,30,25.18459094,3,young_female
1784,93,13.45881202,4,young_male
1785,77,24.59714276,4,young_male
1786,25,16.92175698,3,young_female
1787,46,67.16754419,1,adult_female
1788,70,27.7818925,0,adult_male
1789,84,3.458709837,4,young_male
1790,53,57.42994259,1,adult_female
1791,84,17.74997317,4,young_male
1792,81,10.16772222,4,young_male
1793,92,11.75923657,4,young_male
1794,59,22.08560786,0,adult_male
1795,86,22.04597292,4,young_male
1796,101,24.26541799,4,young_male
1797,83,11.71907011,4,young_male
1798,12,24.15650513,3,young_female
1799,49,75.89658324,1,adult_female
1800,36,69.93261572,1,adult_female
1801,32,28.0390306,3,young_female
1802,85,96.82144723,2,elder
1803,52,59.84527233,1,adult_female
1804,86,74.88676299,2,young_male
1805,97,18.59968166,4,young_male
1806,36,58.60153531,1,adult_female
1807,38,73.94930852,1,adult_female
1808,56,25.81046239,0,adult_male
1809,86,86.91124259,2,elder
1810,92,89.28419973,2,elder
1811,66,11.0143034,0,adult_male
1812,68,93.39780794,2,elder
1813,41,70.21638734,1,adult_female
1814,95,18.1368552,4,young_male
1815,70,96.3969914,2,elder
1816,87,88.63510216,2,elder
1817,91,17.06901503,4,young_male
1818,25,23.59612112,3,young_female
1819,78,23.98980979,4,young_male
1820,12,18.34614294,3,young_female
1821,22,25.70763692,3,young_female
1822,83,21.42124728,4,young_male
1823,25,11.54328046,3,young_female
1824,49,29.48737497,0,adult_female
1825,88,82.33278682,2,elder
1826,89,16.31202419,4,young_male
1827,98,14.77195196,4,young_male
1828,80,82.98314581,2,elder
1829,52,15.4825111,0,adult_male
1830,80,94.21376422,2,elder
1831,93,7.774980117,4,young_male
1832,84,98.82774982,2,elder
1833,75,94.93651204,2,elder
1834,21,16.14525862,3,young_female
1835,67,25.25781006,0,adult_male
1836,80,72.98613435,2,elder
1837,91,19.1283317,4,young_male
1838,79,91.28137504,2,elder
1839,41,64.92281513,1,adult_female
1840,80,21.05503927,4,young_male
1841,94,31.57097254,4,young_male
1842,32,61.40526952,1,adult_female
1843,86,83.71937296,2,elder
1844,36,39.21916882,3,young_female
1845,81,63.30610134,2,elder
1846,66,31.05323611,0,adult_male
1847,52,11.86357955,0,adult_male
1848,76,24.89777963,4,young_male
1849,39,62.57533523,1,adult_female
1850,72,78.62789484,2,elder
1851,103,18.46745797,4,young_male
1852,85,18.70638262,4,young_male
1853,100,7.689885434,4,young_male
1854,47,64.78029197,1,adult_female
1855,76,93.09412582,2,elder
1856,65,17.18583199,0,adult_male
1857,100,19.09969158,4,young_male
1858,16,31.75619865,3,young_female
1859,61,16.93988968,0,adult_male
1860,86,88.47904574,2,elder
1861,54,33.02581218,0,adult_male
1862,101,26.63020398,4,young_male
1863,85,92.60701831,2,elder
1864,76,90.23627304,2,elder
1865,14,19.28819959,3,young_female
1866,84,31.61050101,4,young_male
1867,80,23.85503135,4,young_male
1868,90,83.30407205,2,elder
1869,37,74.50348205,1,adult_female
1870,98,84.87036186,2,elder
1871,66,23.45610858,0,adult_male
1872,40,78.51086906,1,adult_female
1873,92,20.93577141,4,young_male
1874,49,69.03035145,1,adult_female
1875,51,60.71391189,1,adult_female
1876,86,13.54884961,4,young_male
1877,82,83.25237657,2,elder
1878,78,78.32243851,2,elder
1879,72,69.20352091,2,elder
1880,90,12.83792932,4,young_male
1881,66,23.98383775,0,adult_male
1882,39,58.84051194,1,adult_female
1883,72,82.62802711,2,elder
1884,89,26.7339813,4,young_male
1885,39,77.62593462,1,adult_female
1886,63,0.940708942,0,adult_male
1887,44,62.00323355,1,adult_female
1888,104,29.29955412,4,young_male
1889,41,60.06756497,1,adult_female
1890,43,65.75795633,1,adult_female
1891,78,83.1929744,2,elder
1892,33,68.16638456,1,adult_female
1893,25,42.54718605,3,young_female
1894,32,35.5924578,3,young_female
1895,46,65.05145899,1,adult_female
1896,15,37.4359801,3,young_female
1897,84,86.37370915,2,elder
1898,37,60.27330689,1,adult_female
1899,33,55.38122439,1,adult_female
1900,47,55.02997573,1,adult_female
1901,20,24.60574528,3,young_female
1902,72,81.48083293,2,elder
1903,50,23.12782627,0,adult_female
1904,82,11.37171673,4,young_male
1905,86,17.90527498,4,young_male
1906,22,2.153927089,3,young_female
1907,84,28.45967469,4,young_male
1908,37,71.80743969,1,adult_female
1909,92,18.54902088,4,young_male
1910,90,82.12216524,2,elder
1911,38,53.36419146,1,adult_female
1912,89,23.91918201,4,young_male
1913,66,24.83339025,0,adult_male
1914,61,12.66901342,0,adult_male
1915,36,62.54061458,1,adult_female
1916,35,21.17617568,3,adult_male
1917,91,25.69367506,4,young_male
1918,42,54.68904209,1,adult_female
1919,91,25.20596531,4,young_male
1920,81,23.84200045,4,young_male
1921,66,90.30351058,2,elder
1922,48,71.67031931,1,adult_female
1923,81,89.10569499,2,elder
1924,91,82.93668457,2,elder
1925,88,94.5666196,2,elder
1926,87,24.20752166,4,young_male
1927,73,77.06684575,2,elder
1928,24,27.31563431,3,young_female
1929,38,68.21219196,1,adult_female
1930,44,58.97570393,1,adult_female
1931,93,34.52534347,4,young_male
1932,90,16.8084334,4,young_male
1933,90,36.48722254,4,young_male
1934,78,85.96717788,2,elder
1935,89,16.40282739,4,young_male
1936,49,65.68577625,1,adult_female
1937,33,78.69414314,1,adult_female
1938,98,18.87807874,4,young_male
1939,18,20.56612672,3,young_female
1940,19,22.82202174,3,young_female
1941,54,24.68838992,0,adult_male
1942,32,55.41808721,1,adult_female
1943,44,62.13471409,1,adult_female
1944,44,59.23712511,1,adult_female
1945,15,32.27047531,3,young_female
1946,70,84.42745687,2,elder
1947,25,28.95253156,3,young_female
1948,22,26.17261727,3,young_female
1949,62,27.33925473,0,adult_male
1950,82,20.7605536,4,young_male
1951,96,33.51681672,4,young_male
1952,80,18.49393615,4,young_male
1953,79,95.31956184,2,elder
1954,85,85.02332814,2,elder
1955,60,25.83203103,0,adult_male
1956,23,16.86972534,3,young_female
1957,96,13.92780068,4,young_male
1958,74,12.61843248,0,adult_male
1959,69,24.62344484,0,adult_male
1960,89,78.55998701,2,elder
1961,93,18.87581306,4,young_male
1962,22,31.01842297,3,young_female
1963,73,76.19407278,2,elder
1964,56,13.99938143,0,adult_male
1965,45,68.23914113,1,adult_female
1966,18,20.65862751,3,young_female
1967,42,14.09225744,0,adult_male
1968,99,20.78608706,4,young_male
1969,74,25.68101248,0,adult_male
1970,94,28.73113825,4,young_male
1971,23,18.55810069,3,young_female
1972,64,23.03521592,0,adult_male
1973,69,19.80651081,0,adult_male
1974,71,86.76715643,2,elder
1975,30,31.17628115,3,young_female
1976,85,20.6864146,4,young_male
1977,88,76.52592078,2,elder
1978,95,82.08069404,2,elder
1979,48,54.64174935,1,adult_female
1980,21,43.0934026,3,young_female
1981,47,9.70209848,0,adult_male
1982,71,14.03374587,0,adult_male
1983,41,65.84230766,1,adult_female
1984,56,22.78858311,0,adult_male
1985,59,10.26965258,0,adult_male
1986,92,20.75650297,4,young_male
1987,89,86.92926489,2,elder
1988,76,90.89260972,2,elder
1989,27,18.31813688,3,young_female
1990,20,8.324476358,3,young_female
1991,62,24.97443567,0,adult_male
1992,17,32.62765744,3,young_female
1993,81,83.33295453,2,elder
1994,80,77.95906407,2,elder
1995,30,66.7360007,1,young_female
1996,26,32.32479277,3,young_female
1997,108,21.45373803,4,young_male
1998,84,82.84873594,2,elder
1999,71,82.29936911,2,elder
2000,32,70.23057277,1,adult_female
2001,57,14.58926528,0,adult_male
2002,11,72.30182596,1,young_female
2003,86,94.29743873,2,elder
2004,92,10.58168839,4,young_male
2005,25,24.47768816,3,young_female
2006,78,93.63363596,2,elder
2007,26,35.9070513,3,young_female
2008,48,56.56472964,1,adult_female
2009,32,54.75835455,1,adult_female
2010,34,34.01784887,3,young_female
2011,82,16.52002683,4,young_male
2012,78,85.34771063,2,elder
2013,77,33.4815454,4,young_male
2014,85,22.51329215,4,young_male
2015,29,27.62240843,3,young_female
2016,100,20.41619169,4,young_male
2017,83,75.13162713,2,elder
2018,87,15.57959974,4,young_male
2019,72,15.78815938,0,adult_male
2020,79,24.44154261,4,young_male
2021,86,17.6965121,4,young_male
2022,35,64.69789386,1,adult_female
2023,24,42.85559013,3,young_female
2024,77,83.59275661,2,elder
2025,37,59.36323257,1,adult_female
2026,90,24.69923188,4,young_male
2027,82,30.69737646,4,young_male
2028,77,83.6655449,2,elder
2029,16,19.51991685,3,young_female
2030,21,16.11485057,3,young_female
2031,17,19.05161978,3,young_female
2032,33,66.98780452,1,adult_female
2033,69,86.49139632,2,elder
2034,72,94.34032412,2,elder
2035,16,22.65780812,3,young_female
2036,92,11.91229182,4,young_male
2037,89,18.57936553,4,young_male
2038,88,18.69494872,4,young_male
2039,90,14.93222642,4,young_male
2040,36,78.0896343,1,adult_female
2041,74,70.44338179,2,elder
2042,89,13.35039305,4,young_male
2043,32,22.9930394,3,young_female
2044,22,27.77541916,3,young_female
2045,28,37.7213618,3,young_female
2046,72,71.31480203,2,elder
2047,74,93.06027893,2,elder
2048,78,20.25642326,4,young_male
2049,29,74.99604002,1,young_female
2050,32,25.65663431,3,young_female
2051,39,61.7921806,1,adult_female
2052,51,20.35299571,0,adult_male
2053,76,88.96329074,2,elder
2054,97,16.14572787,4,young_male
2055,55,23.57023538,0,adult_male
2056,83,33.50910493,4,young_male
2057,43,60.81734405,1,adult_female
2058,88,23.18189464,4,young_male
2059,102,14.75511544,4,young_male
2060,37,60.14905988,1,adult_female
2061,96,18.69552552,4,young_male
2062,18,27.90176873,3,young_female
2063,89,78.81889548,2,elder
2064,89,8.150521027,4,young_male
2065,61,31.72553559,0,adult_male
2066,59,30.25561237,0,adult_male
2067,74,70.10004794,2,elder
2068,87,26.40982047,4,young_male
2069,58,18.14904832,0,adult_male
2070,68,100.8261514,2,elder
2071,93,9.261516665,4,young_male
2072,25,60.7393571,1,young_female
2073,22,20.64048642,3,young_female
2074,91,20.73313102,4,young_male
2075,85,20.58885519,4,young_male
2076,91,17.1940526,4,young_male
2077,43,70.71043376,1,adult_female
2078,62,18.96665589,0,adult_male
2079,36,37.89691981,3,young_female
2080,39,66.54242506,1,adult_female
2081,33,63.20917762,1,adult_female
2082,82,84.19963806,2,elder
2083,81,88.92313994,2,elder
2084,97,8.322995506,4,young_male
2085,46,63.06578855,1,adult_female
2086,86,90.36406364,2,elder
2087,14,14.89961871,3,young_female
2088,90,27.90743731,4,young_male
2089,93,23.06971247,4,young_male
2090,25,22.15639328,3,young_female
2091,82,86.04840435,2,elder
2092,84,89.90397389,2,elder
2093,25,27.26853923,3,young_female
2094,84,14.91252622,4,young_male
2095,92,17.17211595,4,young_male
2096,66,13.41522038,0,adult_male
2097,53,29.42914738,0,adult_male
2098,90,8.87381335,4,young_male
2099,87,10.12118908,4,young_male
2100,15,21.53811546,3,young_female
2101,74,80.62792454,2,elder
2102,62,18.91044157,0,adult_male
2103,55,16.63651245,0,adult_male
2104,94,17.44344192,4,young_male
2105,73,17.05135104,0,adult_male
2106,28,24.12827725,3,young_female
2107,47,65.18594494,1,adult_female
2108,67,21.23482857,0,adult_male
2109,87,82.80655282,2,elder
2110,59,21.79275201,0,adult_male
2111,83,18.98142618,4,young_male
2112,39,64.51453712,1,adult_female
2113,80,10.97833757,4,young_male
2114,95,12.69374424,4,young_male
2115,83,92.55027943,2,elder
2116,57,19.93842588,0,adult_male
2117,99,18.17147152,4,young_male
2118,76,30.57464104,4,young_male
2119,39,60.85203567,1,adult_female
2120,24,35.2569793,3,young_female
2121,95,25.53955272,4,young_male
2122,19,23.87774095,3,young_female
2123,45,58.4323863,1,adult_female
2124,78,20.02416662,4,young_male
2125,79,18.68882471,4,young_male
2126,88,85.74301272,2,elder
2127,38,77.47279218,1,adult_female
2128,22,62.62893818,1,young_female
2129,76,87.10058875,2,elder
2130,93,85.8103493,2,elder
2131,84,77.67344019,2,elder
2132,66,21.78650144,0,adult_male
2133,89,88.14229008,2,elder
2134,19,21.01295569,3,young_female
2135,31,33.558264,3,young_female
2136,18,23.66058181,3,young_female
2137,9,20.95409025,3,young_female
2138,20,26.31864215,3,young_female
2139,24,27.84363802,3,young_female
2140,79,76.85981918,2,elder
2141,66,89.50205241,2,elder
2142,79,82.87612435,2,elder
2143,89,74.92850036,2,young_male
2144,87,16.27543843,4,young_male
2145,95,24.44111818,4,young_male
2146,77,30.94036062,4,young_male
2147,13,29.57784534,3,young_female
2148,26,22.60503687,3,young_female
2149,90,93.70463608,2,elder
2150,77,86.21343016,2,elder
2151,87,88.57509443,2,elder
2152,46,67.80875215,1,adult_female
2153,82,21.30972183,4,young_male
2154,74,80.98767143,2,elder
2155,88,73.22009055,2,young_male
2156,93,19.2920562,4,young_male
2157,94,23.29641742,4,young_male
2158,92,71.48192419,2,young_male
2159,12,27.90460357,3,young_female
2160,87,25.53141135,4,young_male
2161,96,34.70660609,4,young_male
2162,70,23.13798508,0,adult_male
2163,60,22.24233092,0,adult_male
2164,111,21.67143742,4,young_male
2165,92,28.19254157,4,young_male
2166,67,87.19212053,2,elder
2167,64,66.71901657,2,adult_female
2168,29,23.43775933,3,young_female
2169,48,76.96553126,1,adult_female
2170,65,27.98986619,0,adult_male
2171,78,81.9080209,2,elder
2172,69,80.23866754,2,elder
2173,72,81.51304297,2,elder
2174,33,63.79785335,1,adult_female
2175,87,76.66800832,2,elder
2176,20,27.02428266,3,young_female
2177,29,67.75838008,1,young_female
2178,41,70.91472,1,adult_female
2179,47,67.67865246,1,adult_female
2180,57,5.010203933,0,adult_male
2181,55,11.37834453,0,adult_male
2182,85,27.2897772,4,young_male
2183,85,72.81218933,2,elder
2184,24,12.54475141,3,young_female
2185,88,14.15993396,4,young_male
2186,16,32.90838795,3,young_female
2187,76,79.42635639,2,elder
2188,50,64.79641302,1,adult_female
2189,81,88.10804408,2,elder
2190,98,25.544784,4,young_male
2191,24,25.14459538,3,young_female
2192,91,32.1068716,4,young_male
2193,11,21.41519497,3,young_female
2194,80,84.87446284,2,elder
2195,22,22.73272937,3,young_female
2196,78,18.41595512,4,young_male
2197,43,68.62603795,1,adult_female
2198,26,27.8362189,3,young_female
2199,33,26.29378312,3,young_female
2200,27,36.03491467,3,young_female
2201,56,68.29662655,1,adult_female
2202,84,9.147947489,4,young_male
2203,18,14.00181754,3,young_female
2204,27,14.664374,3,young_female
2205,22,19.28880841,3,young_female
2206,28,11.27694692,3,young_female
2207,32,23.86482094,3,young_female
2208,34,58.97811941,1,adult_female
2209,27,26.42733668,3,young_female
2210,89,26.11603977,4,young_male
2211,79,86.78049137,2,elder
2212,46,70.88416501,1,adult_female
2213,63,16.19574154,0,adult_male
2214,15,34.5705651,3,young_female
2215,74,91.62547632,2,elder
2216,66,72.69549096,2,elder
2217,27,63.43550508,1,young_female
2218,18,25.38959047,3,young_female
2219,82,76.16037528,2,elder
2220,65,19.50883719,0,adult_male
2221,58,16.17477845,0,adult_male
2222,90,15.65793236,4,young_male
2223,30,34.76384672,3,young_female
2224,33,29.91447798,3,young_female
2225,25,31.50457472,3,young_female
2226,100,21.18825385,4,young_male
2227,90,20.31904306,4,young_male
2228,48,66.29618507,1,adult_female
2229,64,12.13872195,0,adult_male
2230,28,25.66316565,3,young_female
2231,33,20.26468009,3,adult_male
2232,91,33.75076521,4,young_male
2233,74,81.15390938,2,elder
2234,17,28.24830965,3,young_female
2235,30,30.21061858,3,young_female
2236,30,32.72079122,3,young_female
2237,84,85.40921039,2,elder
2238,40,53.73012227,1,adult_female
2239,23,25.70644225,3,young_female
2240,30,64.79226156,1,young_female
2241,85,8.599705361,4,young_male
2242,40,66.79717936,1,adult_female
2243,97,27.78083598,4,young_male
2244,56,16.48642966,0,adult_male
2245,62,20.33016707,0,adult_male
2246,94,26.54954786,4,young_male
2247,19,32.07445544,3,young_female
2248,82,86.4001057,2,elder
2249,56,20.6446398,0,adult_male
2250,30,65.17408703,1,young_female
2251,26,35.41858987,3,young_female
2252,23,18.94263634,3,young_female
2253,47,69.26458125,1,adult_female
2254,108,32.7197715,4,young_male
2255,30,16.08291284,3,young_female
2256,63,12.73860452,0,adult_male
2257,75,89.58293413,2,elder
2258,79,73.56323595,2,elder
2259,24,26.65380742,3,young_female
2260,37,65.78566283,1,adult_female
2261,87,18.46994096,4,young_male
2262,87,11.14785795,4,young_male
2263,47,69.92202996,1,adult_female
2264,98,19.04699628,4,young_male
2265,93,26.93325516,4,young_male
2266,75,88.18667115,2,elder
2267,30,72.04710795,1,young_female
2268,33,78.30542253,1,adult_female
2269,79,88.95760358,2,elder
2270,75,86.39780366,2,elder
2271,20,21.09108016,3,young_female
2272,50,61.90043896,1,adult_female
2273,97,27.13125273,4,young_male
2274,87,11.80836544,4,young_male
2275,14,15.92092754,3,young_female
2276,81,22.6269944,4,young_male
2277,82,27.60479116,4,young_male
2278,21,23.37451397,3,young_female
2279,93,10.85987128,4,young_male
2280,86,16.59996926,4,young_male
2281,72,81.76522572,2,elder
2282,91,85.80468502,2,elder
2283,78,33.27441041,4,young_male
2284,85,29.07377917,4,young_male
2285,58,19.35158538,0,adult_male
2286,69,81.31335721,2,elder
2287,17,21.9246273,3,young_female
2288,78,97.83616741,2,elder
2289,67,104.759521,2,elder
2290,83,29.25608027,4,young_male
2291,75,96.50496756,2,elder
2292,85,79.67552319,2,elder
2293,54,72.89899924,1,adult_female
2294,34,61.00671756,1,adult_female
2295,55,75.47636816,1,adult_female
2296,96,17.76257623,4,young_male
2297,18,21.81761784,3,young_female
2298,93,18.50539959,4,young_male
2299,75,79.39103746,2,elder
2300,100,13.389147,4,young_male
2301,91,37.14200886,4,young_male
2302,103,23.110057,4,young_male
2303,36,78.71581572,1,adult_female
2304,76,86.27948651,2,elder
2305,91,21.7509356,4,young_male
2306,41,53.99563001,1,adult_female
2307,84,93.02954541,2,elder
2308,91,20.75119556,4,young_male
2309,78,95.6517161,2,elder
2310,110,17.55667757,4,young_male
2311,70,89.42694256,2,elder
2312,70,92.99704311,2,elder
2313,32,24.73678617,3,young_female
2314,18,22.55747898,3,young_female
2315,29,21.54460159,3,young_female
2316,80,12.69968024,4,young_male
2317,98,25.39172874,4,young_male
2318,55,13.82878757,0,adult_male
2319,79,79.19875313,2,elder
2320,34,18.38185886,3,adult_male
2321,39,69.88407506,1,adult_female
2322,71,92.51440528,2,elder
2323,64,24.41168697,0,adult_male
2324,85,80.34793313,2,elder
2325,44,54.19255926,1,adult_female
2326,21,26.36003822,3,young_female
2327,48,55.06379473,1,adult_female
2328,91,92.34047576,2,elder
2329,84,30.90526812,4,young_male
2330,77,23.22784164,4,young_male
2331,82,73.9507459,2,elder
2332,93,15.01218786,4,young_male
2333,91,12.64655566,4,young_male
2334,70,89.69016572,2,elder
2335,42,76.29175212,1,adult_female
2336,21,8.489190359,3,young_female
2337,79,82.73175132,2,elder
2338,14,19.87420175,3,young_female
2339,63,24.10610429,0,adult_male
2340,106,23.51228681,4,young_male
2341,29,12.98456758,3,young_female
2342,89,15.43924057,4,young_male
2343,65,88.99801138,2,elder
2344,27,23.85419182,3,young_female
2345,62,80.74147534,2,elder
2346,83,79.15336445,2,elder
2347,40,61.52573109,1,adult_female
2348,77,85.77948329,2,elder
2349,95,19.76066693,4,young_male
2350,32,58.50774769,1,adult_female
2351,85,89.14735009,2,elder
2352,26,37.53207275,3,young_female
2353,72,89.48454405,2,elder
2354,86,19.37505286,4,young_male
2355,83,83.23146846,2,elder
2356,40,72.08645001,1,adult_female
2357,89,19.60146245,4,young_male
2358,21,29.83791455,3,young_female
2359,104,23.58356422,4,young_male
2360,95,29.80387884,4,young_male
2361,64,83.38702731,2,elder
2362,70,93.28447916,2,elder
2363,90,17.95792924,4,young_male
2364,94,22.55018449,4,young_male
2365,92,13.42601111,4,young_male
2366,79,90.97420543,2,elder
2367,64,25.3695417,0,adult_male
2368,76,22.86948603,4,young_male
2369,27,28.90030461,3,young_female
2370,12,28.47086692,3,young_female
2371,94,18.93165937,4,young_male
2372,34,24.24038885,3,young_female
2373,96,17.90814294,4,young_male
2374,88,12.23189205,4,young_male
2375,79,87.13513376,2,elder
2376,84,89.81339796,2,elder
2377,93,32.86123707,4,young_male
2378,45,59.26698478,1,adult_female
2379,97,11.11334417,4,young_male
2380,74,82.87280911,2,elder
2381,94,33.65704456,4,young_male
2382,17,13.41421677,3,young_female
2383,68,78.47600893,2,elder
2384,42,15.4062917,0,adult_male
2385,56,6.918591826,0,adult_male
2386,100,12.76170044,4,young_male
2387,17,31.15185878,3,young_female
2388,91,23.55116196,4,young_male
2389,83,22.407496,4,young_male
2390,96,15.57726653,4,young_male
2391,35,30.8935287,3,young_female
2392,76,83.94637402,2,elder
2393,88,90.34840237,2,elder
2394,82,78.9532322,2,elder
2395,98,10.84912132,4,young_male
2396,31,62.17051658,1,adult_female
2397,83,82.00624831,2,elder
2398,65,16.8400431,0,adult_male
2399,50,15.60259981,0,adult_male
2400,80,19.53878927,4,young_male
2401,76,12.02425296,4,young_male
2402,23,28.34044938,3,young_female
2403,83,14.86698833,4,young_male
2404,27,40.15782671,3,young_female
2405,81,21.54347603,4,young_male
2406,85,10.02354191,4,young_male
2407,23,33.52668522,3,young_female
2408,90,26.65148515,4,young_male
2409,87,94.23457065,2,elder
2410,77,79.96931113,2,elder
2411,22,26.17527891,3,young_female
2412,87,25.33838951,4,young_male
2413,53,24.11246098,0,adult_male
2414,20,33.43314388,3,young_female
2415,35,61.64846701,1,adult_female
2416,17,21.72438747,3,young_female
2417,64,12.5953498,0,adult_male
2418,75,80.95660424,2,elder
2419,17,30.11195889,3,young_female
2420,28,32.85979117,3,young_female
2421,72,95.76344418,2,elder
2422,32,21.05769555,3,adult_male
2423,88,13.71667805,4,young_male
2424,85,86.17131293,2,elder
2425,19,22.30335129,3,young_female
2426,31,68.78975459,1,adult_female
2427,80,13.97112197,4,young_male
2428,30,16.7282034,3,young_female
2429,82,96.61983445,2,elder
2430,39,70.93146127,1,adult_female
2431,74,94.58238839,2,elder
2432,69,93.53948692,2,elder
2433,29,57.97992876,1,young_female
2434,90,24.04370956,4,young_male
2435,76,88.95137832,2,elder
2436,27,16.75449407,3,young_female
2437,27,34.94789423,3,young_female
2438,89,13.67288295,4,young_male
2439,27,29.56632876,3,young_female
2440,87,36.90712774,4,young_male
2441,78,68.50559466,2,elder
2442,72,18.58373915,0,adult_male
2443,40,53.78441844,1,adult_female
2444,75,24.97671182,4,adult_male
2445,104,19.45820931,4,young_male
2446,88,93.27210552,2,elder
2447,84,15.88934609,4,young_male
2448,82,8.031667914,4,young_male
2449,30,12.53801282,3,young_female
2450,82,14.56766511,4,young_male
2451,31,19.43376235,3,young_female
2452,87,10.632883,4,young_male
2453,97,25.77748159,4,young_male
2454,25,76.78223532,1,young_female
2455,82,76.4190769,2,elder
2456,40,52.51570062,1,adult_female
2457,28,65.30142887,1,young_female
2458,31,29.36668444,3,young_female
2459,106,24.96555717,4,young_male
2460,19,24.1189409,3,young_female
2461,90,13.83849112,4,young_male
2462,90,24.0759008,4,young_male
2463,83,21.01590997,4,young_male
2464,61,21.19219006,0,adult_male
2465,65,19.021702,0,adult_male
2466,94,23.62506389,4,young_male
2467,70,80.16871289,2,elder
2468,40,22.69925668,3,young_female
2469,10,26.41583948,3,young_female
2470,96,36.5847825,4,young_male
2471,70,82.63071673,2,elder
2472,53,54.07876663,1,adult_female
2473,87,17.47794606,4,young_male
2474,30,22.13493283,3,young_female
2475,38,54.43111414,1,adult_female
2476,39,49.65205148,1,adult_female
2477,79,87.96577723,2,elder
2478,80,16.19820039,4,young_male
2479,99,20.96402238,4,young_male
2480,79,92.89879052,2,elder
2481,96,24.097039,4,young_male
2482,98,18.31380079,4,young_male
2483,27,32.11934855,3,young_female
2484,83,89.25974517,2,elder
2485,57,14.6652023,0,adult_male
2486,91,15.44084415,4,young_male
2487,95,12.30494561,4,young_male
2488,83,93.94606484,2,elder
2489,36,64.62792006,1,adult_female
2490,89,75.51399976,2,elder
2491,91,86.61947438,2,elder
2492,49,11.99193492,0,adult_male
2493,79,87.41820792,2,elder
2494,61,5.310882836,0,adult_male
2495,73,96.32131689,2,elder
2496,94,28.52291058,4,young_male
2497,95,25.22487991,4,young_male
2498,89,16.3008921,4,young_male
2499,39,67.78966664,1,adult_female
2500,21,18.51966257,3,young_female
2501,77,81.84545235,2,elder
2502,68,86.48565279,2,elder
2503,61,26.60383399,0,adult_male
2504,74,90.51523671,2,elder
2505,77,18.98883162,4,young_male
2506,40,79.83779525,1,adult_female
2507,29,31.91655004,3,young_female
2508,68,83.01413678,2,elder
2509,55,61.32638952,1,adult_female
2510,82,91.86702579,2,elder
2511,24,26.45719704,3,young_female
2512,79,14.06182613,4,young_male
2513,50,73.81889222,1,adult_female
2514,99,13.35525138,4,young_male
2515,79,25.84595398,4,young_male
2516,98,31.79247738,4,young_male
2517,87,36.15289631,4,young_male
2518,89,21.8758543,4,young_male
2519,23,18.15190586,3,young_female
2520,89,17.02860916,4,young_male
2521,40,55.90060752,1,adult_female
2522,63,13.5329975,0,adult_male
2523,97,76.15791833,2,elder
2524,98,17.94833167,4,young_male
2525,32,17.5284052,3,adult_male
2526,77,79.87324341,2,elder
2527,95,20.11360089,4,young_male
2528,89,12.12009623,4,young_male
2529,80,11.21607248,4,young_male
2530,38,32.45795793,3,young_female
2531,61,31.60273623,0,adult_male
2532,22,21.17280445,3,young_female
2533,35,55.01824039,1,adult_female
2534,84,11.60278825,4,young_male
2535,39,14.89180704,3,adult_male
2536,88,20.91898488,4,young_male
2537,82,35.31554112,4,young_male
2538,103,30.6174217,4,young_male
2539,16,30.85898576,3,young_female
2540,33,23.65056373,3,young_female
2541,82,17.02607196,4,young_male
2542,86,22.97829677,4,young_male
2543,79,13.00572328,4,young_male
2544,86,25.83205461,4,young_male
2545,94,20.00674945,4,young_male
2546,31,35.19961406,3,young_female
2547,60,24.57793823,0,adult_male
2548,75,75.57784524,2,elder
2549,40,49.63076065,1,adult_female
2550,42,61.52221665,1,adult_female
2551,22,12.87644359,3,young_female
2552,81,77.10416788,2,elder
2553,81,69.14551038,2,elder
2554,80,19.39551113,4,young_male
2555,27,34.7336895,3,young_female
2556,73,80.45984065,2,elder
2557,83,77.86006242,2,elder
2558,78,77.89194726,2,elder
2559,38,23.39375008,3,young_female
2560,72,12.46141677,0,adult_male
2561,35,60.17861526,1,adult_female
2562,48,10.45581399,0,adult_male
2563,26,22.22649125,3,young_female
2564,93,21.20829742,4,young_male
2565,59,17.96171325,0,adult_male
2566,22,32.98438852,3,young_female
2567,64,37.17850303,0,adult_male
2568,89,84.30071724,2,elder
2569,66,24.1856141,0,adult_male
2570,84,85.49388384,2,elder
2571,26,21.98664298,3,young_female
2572,96,26.6852308,4,young_male
2573,27,31.22489619,3,young_female
2574,27,7.595542932,3,young_female
2575,39,53.56703638,1,adult_female
2576,91,82.11671428,2,elder
2577,16,39.57715889,3,young_female
2578,88,22.20103548,4,young_male
2579,83,96.94319281,2,elder
2580,93,76.93364024,2,elder
2581,76,79.9748254,2,elder
2582,66,24.76568395,0,adult_male
2583,36,9.475112312,3,adult_male
2584,70,77.3591235,2,elder
2585,83,16.1780365,4,young_male
2586,88,25.46697401,4,young_male
2587,90,33.9450975,4,young_male
2588,86,15.30132333,4,young_male
2589,85,93.95060939,2,elder
2590,91,18.37742016,4,young_male
2591,78,86.40234561,2,elder
2592,37,30.1337583,3,young_female
2593,76,74.54595733,2,elder
2594,84,75.32306139,2,elder
2595,25,25.74590843,3,young_female
2596,52,9.27506556,0,adult_male
2597,100,84.99948736,2,elder
2598,87,20.53080557,4,young_male
2599,34,76.38862194,1,adult_female
